payment_id,order_id,payment_date,amount,method,status,transaction_id
1,1,2021-09-19,2412.5,Amazon Pay,completed,TXNRJ9ULZWOONXZ
2,2,2021-09-03,2383.62,Credit Card,Failed,TXN991KGNHXYVMD
3,3,2024-05-21,2241.12,Credit Card,Failed,TXNQBP9MWGJWCH1
4,4,2023-09-05,496.13,PayPal,Completed,TXNBT60O3JU550P
5,5,2021-10-30,1188.55,Credit Card,Completed,TXN2ZHPEAU4HZE2
6,6,2023-04-15,2725.28,PayPal,Failed,TXN85XNUHAQXRJ9
7,7,2021-07-16,2964.41,Credit Card,Completed,TXNHZUEJEP5KUPF
8,8,2024-05-29,1358.13,Amazon Pay,Completed,TXN67P88QW2BJ6F
9,9,2022-11-29,1786.67,Amazon Pay,Completed,TXNZ9UU5R17PBCY
10,10,2024-06-26,2626.33,Gift Card,Completed,TXNKD7EU3D69Q43
11,11,2022-02-02,3021.29,Gift Card,Completed,TXNFAVHYSETIKBQ
12,12,2024-08-14,196.37,Credit Card,Completed,TXN570LA5T7WYV3
13,13,2021-05-13,3273.02,Credit Card,completed,TXN8KTZKXJ5GGT8
14,14,2024-07-01,2830.16,Gift Card,Refunded,TXN8DZ4ZREN3T26
15,15,2021-10-25,2232.35,Debit Card,Completed,TXNJACY3FWZ94DY
16,16,2022-09-27,688.63,PayPal,Completed,TXNV3V6F0DUQ0FN
17,17,2023-04-08,1433.29,Amazon Pay,Completed,TXNEJGM6KX24ZK8
18,18,2023-05-06,763.51,Amazon Pay,pending,TXNGJ9Q22YC5UB6
19,19,2024-08-24,2651.97,Credit Card,Pending,TXNKKMCWYYHZ4CF
20,20,2024-03-05,2818.0,Credit Card,Completed,TXN158X3V3ACSHU
21,21,2024-02-02,1430.17,Credit Card,Failed,TXNKCYKYE3LQ3D0
22,22,2021-10-26,1185.62,Amazon Pay,Completed,TXN6ZMFEHK3ZYPO
23,23,2022-05-08,1786.52,Credit Card,Completed,TXNBD0BHM8MUZWV
24,24,2021-01-14,228.49,PayPal,Completed,TXNNPN728ZHZD71
25,25,2021-02-22,2146.12,Debit Card,completed,TXNF2FPZ0HEYZKW
26,26,2023-07-18,2207.08,Amazon Pay,Failed,TXNLW4MS18GN1OC
27,27,2022-03-28,1547.87,Credit Card,Pending,TXNOHQ1BQT1DTRB
28,28,2021-09-24,2797.35,Amazon Pay,Completed,TXN9J8E69B0VK8F
29,29,2024-05-17,1396.5,Debit Card,Completed,TXNL79D2ZDMUU40
30,30,2022-04-21,1259.0,PayPal,Completed,TXNZEOL2NBTDQAE
31,31,2023-08-09,2376.33,PayPal,Completed,TXNTO5J3ZEU3XML
32,32,2023-11-18,1915.93,Amazon Pay,Completed,TXN546ORGERRGNT
33,33,2022-08-31,2543.69,Credit Card,Completed,TXNNWV7IHDE23C0
34,34,2021-03-30,,Debit Card,Refunded,TXNNN3EHZNGMV8J
35,35,2023-08-07,272.37,Amazon Pay,Refunded,TXNPEEM9JUJQHH6
36,36,2023-11-30,1197.08,Debit Card,Failed,TXNNHY86J5MSYQM
37,37,2024-01-10,1906.86,Credit Card,Completed,TXNSIP064NF6Y1R
38,37,2024-01-10,1906.86,Credit Card,Completed,TXNSIP064NF6Y1R
39,38,2023-10-07,1415.71,Amazon Pay,Completed,TXNB0C5U8YL9IPP
40,39,2023-04-10,2775.49,Gift Card,Refunded,TXN0YOHUMRECDHZ
41,40,2024-07-12,310.8,Credit Card,Completed,TXNIJ69S0F25EMP
42,41,2023-07-06,534.69,PayPal,Completed,TXNBTQKQAKCIR9F
43,42,2024-03-08,2083.66,Credit Card,Failed,TXNILBTL1I2X32O
44,43,2024-01-15,66.42,Credit Card,completed,TXNZIDEK70YQMJM
45,44,2022-04-16,2511.46,PayPal,Completed,TXNXX4TS3MGVVLS
46,45,2023-11-15,999.65,Amazon Pay,Completed,TXNL6S9ERU0V8E0
47,46,2022-01-02,1676.83,PayPal,Completed,TXNLQFDT95B12QZ
48,47,2023-02-19,2326.29,Amazon Pay,completed,TXN2DXM4EXJJ089
49,48,2024-03-22,2960.83,Gift Card,Refunded,TXNWDGT7UED3961
50,49,2022-10-14,2391.36,Credit Card,Failed,TXN810OES2QKBF5
51,50,2023-02-20,143.72,Gift Card,Completed,TXNNSD8A799S297
52,51,2022-07-04,1382.18,Credit Card,Failed,TXNC29YPGJFBNUG
53,52,2023-12-27,2907.78,Gift Card,Completed,TXN9W281M4VWRBN
54,53,2022-06-18,661.24,Amazon Pay,Failed,TXN64E4L0S6745U
55,54,2023-04-07,1208.2,Debit Card,Completed,TXNOIXYYQ4PHHAC
56,55,2023-01-27,1718.82,Gift Card,Failed,TXN5RPE5XE4E5YW
57,56,2023-09-26,36.53,Gift Card,Refunded,TXNHKRIAOI4PZEW
58,57,2023-09-19,2469.35,Credit Card,Completed,TXNJ8M8CWOTGSWO
59,58,2021-06-30,1150.42,PayPal,Refunded,TXNCIKANU2GTBID
60,59,2023-12-11,2981.94,Credit Card,Completed,TXNQM49VBJXJ2YX
61,60,2022-12-26,3318.43,Amazon Pay,Completed,TXN8DL4WG5W28UY
62,61,2021-01-14,2958.01,Credit Card,Completed,TXNIBSXIME1WLY3
63,62,2024-02-16,3025.48,Amazon Pay,refunded,TXNL13TPY7264R8
64,63,2023-10-07,3127.17,Debit Card,Completed,TXN5NABM5ZKMDIT
65,64,2022-08-13,3187.6,PayPal,Completed,TXN0BWJ6953LDGF
66,65,2021-03-22,2240.69,Debit Card,Failed,TXNFKZC7C53DOTE
67,66,2025-11-22,127.92,Gift Card,Failed,TXN8GIH8XW2TOZO
68,67,2022-09-14,2163.01,Amazon Pay,Refunded,TXNS4P845WRXPUG
69,68,2024-07-29,1452.35,Gift Card,Refunded,TXN391VWAXTL4SJ
70,69,2021-05-23,2479.4,PayPal,Completed,TXNC3R52X37B97U
71,69,2021-05-23,2479.4,PayPal,Completed,TXNC3R52X37B97U
72,70,2024-05-27,1073.99,Credit Card,Completed,TXNQ49BC6TVDXHT
73,71,2023-09-30,1214.07,PayPal,Completed,TXNXJZJL514EOE9
74,72,2022-01-06,918.59,Credit Card,Failed,TXNC5AJ0YEM1XEO
75,73,2024-03-15,1793.14,Amazon Pay,Completed,TXN4A9TS9QP0DI6
76,74,2021-07-29,643.97,Amazon Pay,Failed,TXNC1UMTCB7HQ57
77,75,2022-02-11,2297.33,Credit Card,Refunded,TXNI8QDAG4YGQX4
78,76,2024-03-26,3086.64,Credit Card,Failed,TXNE9YWUBAJ35RI
79,77,2024-02-07,1144.61,Debit Card,Completed,TXNTCSSD71P41BX
80,78,2023-05-06,2582.53,PayPal,Completed,TXNXYQ1JNY6OZOZ
81,79,2022-11-13,2839.56,Debit Card,Refunded,TXNN672GWH1RETM
82,80,2023-06-18,253.89,Debit Card,Refunded,TXNGN6S1GIGUC3G
83,81,2021-08-19,1150.8,Gift Card,Refunded,TXN3WW8OSU78V59
84,82,2021-07-21,2769.14,PayPal,Completed,TXNGBKERLH8TMJM
85,82,2021-07-21,2769.14,PayPal,Completed,TXNGBKERLH8TMJM
86,83,2023-09-29,1820.0,Credit Card,Completed,TXN4L17K6OHPXZN
87,84,2023-01-02,3235.82,Credit Card,Completed,TXNCHVJ4P2E0B2Y
88,85,2023-03-06,2012.74,PayPal,Completed,TXNYTLVAEUUWB5S
89,86,2021-02-16,3244.75,Credit Card,Completed,TXNRI8UY5FNV177
90,87,2024-08-31,265.81,Debit Card,Refunded,TXN9DLBT2LJCKNC
91,88,2021-07-10,2220.18,PayPal,Completed,TXNFCV4FDEPCVS4
92,89,2023-08-14,2613.61,PayPal,Completed,TXN91JXLJCHXTZZ
93,90,2021-03-07,2601.6,Amazon Pay,Refunded,TXN4K8INFN7UYI0
94,91,2022-08-25,178.36,Credit Card,Completed,TXN7RN7A7NACPY7
95,92,2021-07-25,2393.82,Credit Card,Completed,TXN2DWZUTL991KA
96,93,2021-11-04,2941.57,Credit Card,Failed,TXN583KZNCMK1XZ
97,94,2024-09-03,2337.66,Debit Card,Completed,TXNYEC3FF22W2HQ
98,94,2024-09-03,2337.66,Debit Card,Completed,TXNYEC3FF22W2HQ
99,95,2023-07-19,3273.74,PayPal,Completed,TXNX32VV8MQQ8N8
100,96,2021-02-25,2727.04,Credit Card,Completed,TXNAVLER8M90GNV
101,97,2021-11-28,220.48,Debit Card,Refunded,TXN7S5JLF73L8WJ
102,98,2023-04-25,1863.35,Credit Card,Completed,TXNJ610F5TPDHGX
103,98,2023-04-25,1863.35,Credit Card,Completed,TXNJ610F5TPDHGX
104,99,2022-08-08,2160.32,Amazon Pay,Completed,TXNDEXIFH93QYBG
105,100,2024-06-29,2726.55,PayPal,Failed,TXN0G7CEDV8TXBR
106,101,2021-10-08,395.86,Gift Card,Completed,TXNXCSXCXU9P7F4
107,102,2024-02-09,2674.42,Gift Card,Refunded,TXNXXSEEI17X9SG
108,103,2021-07-19,2078.69,Credit Card,Completed,TXNA9S1R8VSQUUG
109,104,2023-11-08,198.05,Credit Card,Completed,TXNX7T9ZJJY8VYQ
110,105,2023-10-05,620.68,Debit Card,Failed,TXNJF3F6JUBKNU1
111,106,2023-07-05,895.62,Credit Card,Failed,TXNMWMSOS8J24TJ
112,107,2023-04-05,3227.67,PayPal,Pending,TXNU5G16GJYCYCR
113,108,2023-12-11,1667.76,PayPal,Completed,TXN8KXOSJVSV7ME
114,109,2022-11-08,416.51,Amazon Pay,Completed,TXN7GHX66PNMMMG
115,110,2024-09-03,2691.27,Debit Card,Completed,TXNVKHA0T3KXZO1
116,111,2022-05-26,901.77,Debit Card,Failed,TXNPSEX2VYW6UR7
117,112,2024-05-26,237.26,Debit Card,failed,TXN8Z1QJP8HKAZQ
118,113,2022-08-23,528.06,Amazon Pay,Completed,TXNH37K5ID109RK
119,114,2022-04-23,746.16,Debit Card,Completed,TXNM0AF63BLSL5N
120,115,2023-07-03,586.35,PayPal,Pending,TXNZ24WMRYKFB4E
121,116,2023-11-22,320.69,Credit Card,Refunded,TXN5GFIKCSDU3PJ
122,117,2022-04-27,2157.08,Debit Card,Completed,TXNQX82511VS0UF
123,118,2023-06-30,2194.6,Gift Card,Completed,TXNJIQD23OTH9RI
124,119,2022-06-17,2654.84,Credit Card,Pending,TXNGJYQ7EY3TPEG
125,120,2023-02-05,2843.43,Amazon Pay,Refunded,TXNLJ2FHIYQX7JD
126,121,2022-01-22,2088.92,Debit Card,Refunded,TXNDOHIU58OESQ1
127,122,2022-07-08,3164.3,PayPal,Completed,TXN4KCA8YUVSMOA
128,123,2021-03-30,912.69,PayPal,Refunded,TXNYU3UG7YHWB24
129,124,2023-10-10,,Gift Card,Completed,TXNRYTVGAX0SI9I
130,125,2021-08-08,2308.62,Credit Card,Refunded,TXNOEA0CMYZZJOK
131,126,2023-02-10,934.26,Amazon Pay,Failed,TXNFX0AKN053K54
132,127,2021-11-10,567.73,Amazon Pay,Completed,TXNLRGBTUFK9X5D
133,128,2021-09-14,2727.54,Gift Card,Completed,TXNYXCE6Q7XVT53
134,129,2021-10-09,3467.18,Debit Card,Refunded,TXNLIYMWL7GFRD4
135,130,2022-09-07,2056.88,Credit Card,completed,TXNLA6FRBG7YI44
136,131,2022-04-22,1202.63,Credit Card,Refunded,TXNTAYJ9UI8NNPV
137,132,2023-04-01,86.54,Credit Card,Completed,TXNY0EE5J2VHW4A
138,133,2021-09-13,120.16,Credit Card,Completed,TXNEGJ35JD48EEG
139,134,2021-05-14,1888.46,Gift Card,Completed,TXNNCEG5F83HUY7
140,135,2021-10-25,1453.81,Amazon Pay,Completed,TXNKGIBEZ23D4B1
141,136,2024-07-07,1483.43,Amazon Pay,Failed,TXNAVSKXG57T275
142,137,2022-10-01,3124.91,Credit Card,Completed,TXNXYE4QVTDOAD3
143,138,2021-09-12,640.23,Credit Card,Failed,TXNJ703Y9CK7A7K
144,139,2022-12-21,2392.85,Gift Card,Completed,TXNOXNFWWWGGRPN
145,140,2022-05-25,448.91,Credit Card,Refunded,TXNE90E0WNO0WD1
146,141,2021-04-11,1060.95,Debit Card,Completed,TXNQ36LJAIMUE2I
147,142,2023-02-10,2751.45,PayPal,Failed,TXNQHOPTRTPEG7C
148,143,2022-11-01,2872.47,Credit Card,Refunded,TXNKJF1PO9XLCLP
149,144,2024-01-06,2690.34,Gift Card,Completed,TXNSWAALXVGPC69
150,145,2023-01-27,2743.64,PayPal,Pending,TXNY4FEOSLIJ9IT
151,146,2021-08-11,,PayPal,Refunded,TXNSXHBZ67SYBNJ
152,147,2022-01-06,2431.88,Credit Card,Refunded,TXNBTMMWNVQJIVM
153,148,2021-06-11,332.13,Credit Card,Completed,TXN5ZZ021ANLJVG
154,149,2021-01-31,1689.39,Amazon Pay,Pending,TXN5UK6KJE4IWUY
155,150,2023-01-04,1566.94,Credit Card,Refunded,TXN8663OH4WLXA8
156,151,2021-10-29,886.79,Credit Card,Refunded,TXNZCPT3S7AZM41
157,152,2023-03-02,3408.22,Credit Card,Completed,TXNV5NIDD9N34O6
158,153,2024-02-16,1273.48,Credit Card,Completed,TXN33HU5COKQ6N9
159,154,2024-08-29,1191.5,Debit Card,Completed,TXNJO0PHW9YHYW3
160,155,2023-07-06,2681.07,Debit Card,Completed,TXNXE3P3OOLQLOI
161,156,2022-02-27,2378.03,Amazon Pay,Completed,TXNDP3QOI5G6X7I
162,157,2023-08-31,1904.73,PayPal,Completed,TXN6DOZHR1PWC0I
163,158,2024-07-25,3426.22,PayPal,Completed,TXN887R1BH0MH74
164,159,2022-04-16,3223.71,Debit Card,Failed,TXN7V5WWWOSLK2R
165,159,2022-04-16,3223.71,Debit Card,Failed,TXN7V5WWWOSLK2R
166,160,2023-08-30,2950.53,Credit Card,Pending,TXN6L2A45HGKTPG
167,161,2023-05-26,1877.43,Debit Card,Completed,TXNDIN89PIVNY47
168,162,2021-02-01,440.43,Gift Card,Completed,TXN7XOZO7QPM29Q
169,163,2024-03-09,1805.58,Debit Card,Completed,TXNO8X83J6Z3MQJ
170,164,2021-09-30,2386.77,Debit Card,Refunded,TXNT6PKSCU6MXSC
171,165,2022-07-03,800.08,Amazon Pay,Completed,TXNRAW0M18AGI9Y
172,166,2023-10-21,3303.52,Gift Card,Completed,TXNTNOOG9TVPUC4
173,166,2023-10-21,3303.52,Gift Card,Completed,TXNTNOOG9TVPUC4
174,167,2022-03-11,418.24,Credit Card,Pending,TXN5THY17BKJ7CO
175,168,2023-08-03,3186.04,Gift Card,Refunded,TXNHKMUPW14A22S
176,169,2024-01-27,1349.17,Amazon Pay,Completed,TXN9YSZMZJZBKVS
177,170,2023-11-12,2742.8,PayPal,Completed,TXNQYMK5JJ2T02A
178,171,2024-04-20,329.48,PayPal,Completed,TXNVVECJMYXGK0O
179,172,2024-04-19,1166.61,PayPal,Failed,TXNO3WP59I1H54O
180,173,2021-06-01,1053.83,Amazon Pay,Failed,TXNQ0WCEY4IH9PV
181,174,2022-10-26,948.34,Debit Card,Completed,TXNJGNQ1G6LLECX
182,175,2023-05-10,1328.94,PayPal,Completed,TXNQEYSB9NLY5IE
183,176,2021-02-01,1948.42,Amazon Pay,Completed,TXNRA8UBUQJXL31
184,177,2023-01-16,640.33,Amazon Pay,Completed,TXNOY7NX4HOO8AZ
185,178,2021-09-17,2676.36,Gift Card,Completed,TXNGA6RPKI9TO9H
186,179,2024-02-08,1296.22,Amazon Pay,Completed,TXNBFZMSAE6T36W
187,180,2023-08-02,2351.67,Debit Card,Refunded,TXNVCCLINTTI909
188,181,2024-08-13,2497.57,Credit Card,Refunded,TXN7OEH90HA682K
189,182,2023-09-05,1577.98,Credit Card,Failed,TXNASGYBJ0MMFIW
190,183,2024-02-08,1706.51,Gift Card,Completed,TXNBJ4B1YQ2XJSS
191,183,2024-02-08,1706.51,Gift Card,Completed,TXNBJ4B1YQ2XJSS
192,184,2021-09-16,218.53,PayPal,Completed,TXN6BZNZHUX0TMN
193,185,2022-07-18,484.68,PayPal,Completed,TXN5ZGBSVO9K3SW
194,186,2021-01-11,3309.17,Credit Card,Completed,TXN2S96N7OJ2W7Y
195,187,2023-05-10,3235.44,Amazon Pay,Pending,TXNX2TMYZJ2VNGJ
196,188,2024-08-06,3411.79,Debit Card,Completed,TXNLGXUDZM5NS30
197,189,2023-01-13,195.81,Credit Card,Completed,TXNN0CDRTQL7YEL
198,190,2022-10-05,3172.12,Gift Card,Completed,TXN4P7B7M1Y7TO4
199,191,2022-04-10,1452.08,PayPal,Pending,TXN6P2HFDWZJUC5
200,192,2023-08-26,3358.08,PayPal,Completed,TXN6YDYCVSYRPF3
201,193,2021-06-19,133.97,Gift Card,Completed,TXNFHDNP9HYSJZI
202,194,2023-08-18,2769.43,Amazon Pay,Completed,TXNG6RLTZDPMO04
203,195,2021-05-04,1529.62,Debit Card,Failed,TXNEY9P4NEL8SVO
204,196,2024-01-15,1119.54,Credit Card,Refunded,TXN5ESUUUYK1ZJ4
205,197,2022-11-09,1560.72,Credit Card,Completed,TXN5IX6TUKXNK47
206,198,2021-06-13,728.91,Debit Card,Completed,TXNFAVNJWSNQMQI
207,199,2021-03-29,106.17,Amazon Pay,Refunded,TXN89HVELD520HH
208,200,2023-11-06,76.65,Amazon Pay,Failed,TXNVKKUC8AK2IVD
209,201,2024-07-22,3218.63,Credit Card,Completed,TXNP7ZZ3F8CG2LY
210,202,2021-06-19,2749.42,Credit Card,Completed,TXNN9P1F9W25MFK
211,203,2022-10-17,3257.45,Debit Card,Completed,TXN07P7J757PR7P
212,204,2021-03-07,1728.17,PayPal,Refunded,TXN69785R8IST09
213,205,2022-12-26,3197.96,Credit Card,Completed,TXNQ9R14Y8M7XWY
214,206,2022-03-19,719.39,Credit Card,Completed,TXNSRL21MVEWPIH
215,207,2021-04-04,1001.9,Debit Card,Completed,TXNURMO3GD83JR2
216,208,2024-06-16,2627.65,Credit Card,Failed,TXN6S2BB6757957
217,209,2021-05-25,,PayPal,Completed,TXNF4WGQ8G9P6D5
218,210,2024-01-25,927.06,Amazon Pay,Refunded,TXNY056Z99ENFIE
219,211,2024-09-18,2037.88,Amazon Pay,Completed,TXN5JSRIFVOESCA
220,212,2023-07-28,558.54,Credit Card,Failed,TXNNC07GPR5KSSZ
221,213,2023-02-17,650.92,PayPal,Completed,TXNVREHU2F1TF1W
222,214,2021-11-03,2997.48,Credit Card,Completed,TXN15RNL3A7YRMG
223,215,2022-12-31,1949.69,Credit Card,Completed,TXNBR2FXV8JDY5Q
224,216,2023-06-29,992.75,Amazon Pay,Failed,TXN0Y6A481KRKRN
225,217,2024-01-18,659.38,PayPal,Refunded,TXN4Y5HFLUR8FF6
226,218,2022-04-18,2792.71,Credit Card,Completed,TXNOF5CDFM3N50B
227,219,2022-06-08,292.17,Credit Card,Refunded,TXNS2VAPJC9RTOR
228,220,2022-01-06,355.42,PayPal,Pending,TXNNEOAZUVITAY1
229,221,2023-12-06,1287.49,Debit Card,Failed,TXN2MJA1ILW9QAN
230,221,2023-12-06,1287.49,Debit Card,Failed,TXN2MJA1ILW9QAN
231,222,2022-11-12,3083.73,Amazon Pay,Completed,TXND39WNPUDR0AW
232,223,2024-02-13,3473.53,Gift Card,Completed,TXNCYE0K80PHIXT
233,224,2024-05-31,3148.26,Credit Card,Pending,TXN8BQ44TO21YZ7
234,225,2025-08-30,755.99,Amazon Pay,Completed,TXNT3WYBPYMRT3D
235,226,2022-06-01,2295.37,Gift Card,Completed,TXN4B4HFAKGPPG9
236,227,2024-03-28,2359.21,PayPal,Completed,TXNZ0B4ZZGOZSAP
237,228,2022-07-22,2512.12,PayPal,Completed,TXNBCD6GPXSZPG8
238,229,2021-03-26,3103.31,Credit Card,Refunded,TXNIODILH4EBCDW
239,230,2023-07-25,344.88,Debit Card,Refunded,TXNRS77X7CFDJH1
240,231,2021-07-03,2403.4,PayPal,Failed,TXNCB2JG50ZB7CV
241,232,2022-03-23,2949.09,Debit Card,Completed,TXN2WCY445AZD30
242,233,2024-03-08,91.62,Gift Card,Completed,TXNQ1L9GQBUVIAW
243,234,2021-03-25,3255.22,PayPal,Failed,TXNBNKJZS92LOBM
244,235,2024-04-05,899.03,PayPal,Completed,TXNMV3Q580K5WWC
245,236,2022-01-22,1065.03,Amazon Pay,Completed,TXNRA1346TMP7N4
246,237,2023-06-08,902.49,Credit Card,Failed,TXNSLTDNQD9PQR9
247,238,2023-11-21,1872.97,Debit Card,Completed,TXNC3O8K2BAHZMU
248,239,2021-10-30,2492.14,PayPal,Completed,TXN3QAZ7XU67PA3
249,240,2022-05-06,3315.85,Credit Card,Failed,TXNCP8DKL1JOVOG
250,241,2022-04-06,131.22,Credit Card,Completed,TXN8SZI5IKZWKC6
251,242,2022-07-01,2549.9,Credit Card,Completed,TXNFQ9QGTV3O7OC
252,243,2024-04-16,1180.91,PayPal,Pending,TXNSC7QVQZXUUIU
253,244,2023-03-16,2721.45,PayPal,refunded,TXNB2VAOGLV1ONO
254,245,2021-12-29,1878.85,Debit Card,Completed,TXNU763005S1QQU
255,246,2022-01-15,,Credit Card,Failed,TXNGJE81DQE8UPI
256,247,2021-01-28,2721.45,PayPal,Refunded,TXN1EVL4SPQJN1B
257,248,2024-08-25,3141.44,Credit Card,Completed,TXNZ4EMNB3D8ZBR
258,249,2023-07-17,1608.06,Credit Card,Refunded,TXNT3CBZ2DLF7GR
259,250,2023-12-24,3262.4,Amazon Pay,Completed,TXNN3LQ0S52QN3P
260,251,2021-11-17,984.97,Gift Card,Completed,TXNQZZJZ4XEMD59
261,252,2021-04-10,3045.23,Gift Card,Completed,TXN9LQ6CYYOZROS
262,253,2022-04-01,1510.61,Amazon Pay,Refunded,TXN249PXQEMY6MJ
263,254,2021-05-07,2855.37,Debit Card,Completed,TXNF4P828JXLJGS
264,255,2021-03-16,631.85,Credit Card,Completed,TXN8CQDLP0IRAH0
265,256,2023-05-22,2426.13,PayPal,Completed,TXNCQ0TYLKQDEOV
266,257,2022-02-11,1235.21,PayPal,Completed,TXNJ7O82H3RXNDD
267,258,2022-05-20,3382.6,Amazon Pay,Completed,TXNNCELRTFOE5EA
268,259,2024-08-03,3128.74,Credit Card,Refunded,TXNMPTBGZ7DC3J7
269,260,2022-04-07,1780.39,Debit Card,Completed,TXNFCFV0QXKLR50
270,261,2023-11-14,3359.04,Amazon Pay,Completed,TXNZWI9SIVZB2SU
271,262,2023-10-04,2260.37,Amazon Pay,Completed,TXNR81XHN3ZGO1V
272,263,2024-09-26,924.86,Amazon Pay,Failed,TXNPRKG8LE768NU
273,264,2021-09-26,3437.71,PayPal,Pending,TXNYBC06DRRNV93
274,265,2022-08-22,1965.14,PayPal,Completed,TXNUH3JBAGY8870
275,266,2021-04-28,3475.23,Credit Card,Failed,TXNBI8NBB2GFWVW
276,267,2021-05-17,2396.02,Amazon Pay,Completed,TXN7UTUTZMUNT7V
277,268,2022-09-17,57.3,PayPal,Completed,TXNPK61CTAIJQZP
278,269,2022-08-11,2523.13,Credit Card,Refunded,TXNIC1ORAYGUBEO
279,270,2023-01-11,2799.49,Credit Card,Refunded,TXNKSL9AEMGLZAQ
280,271,2021-06-08,1161.52,Debit Card,Failed,TXNQED87A40I8SV
281,272,2022-10-20,655.17,PayPal,Refunded,TXNV63SE6X8KXB2
282,273,2024-09-27,1741.5,PayPal,Completed,TXN6WH8XN8WHN8V
283,274,2023-05-31,2268.96,Gift Card,Completed,TXN4FP7F5XH0FN1
284,275,2023-05-24,2110.78,PayPal,Refunded,TXNXLDX77SKJ63H
285,276,2023-12-23,1477.04,Amazon Pay,Completed,TXN0SD0Z7K6XK3G
286,277,2021-07-07,117.76,Debit Card,Refunded,TXNFSSF1HRJT33V
287,278,2021-10-24,1238.39,PayPal,Failed,TXN3JMJ0LJL2VX7
288,279,2022-08-05,499.58,Credit Card,Refunded,TXNH2THYNYW45RM
289,280,2022-09-02,3098.0,PayPal,Completed,TXND6OHF7J7ZWQM
290,281,2022-11-09,1108.42,Debit Card,Pending,TXNDWDT62INGW2M
291,282,2024-06-16,3090.73,Debit Card,Completed,TXN1B00C6P3E7WE
292,283,2021-04-12,37.77,Gift Card,completed,TXN94W1B2TW5U0O
293,284,2023-05-24,2988.11,Debit Card,Completed,TXN83TT270SQ8UD
294,285,2022-07-31,1051.89,Credit Card,Failed,TXN8E7KXSGAUFPG
295,286,2022-09-18,2065.92,Credit Card,Completed,TXN0GYEZCI7AOLH
296,287,2022-04-09,69.94,Gift Card,Completed,TXNCDUN519M9N31
297,288,2024-04-30,2122.98,Debit Card,Completed,TXN5GON7RFVBAKA
298,289,2021-01-17,614.95,Amazon Pay,Completed,TXNS4L7GUH9WI53
299,290,2022-01-30,1450.67,PayPal,Completed,TXNH1WA50F53IPP
300,291,2021-03-29,2970.42,Debit Card,Pending,TXNF9UWHTC43DDN
301,292,2021-10-17,410.65,PayPal,Completed,TXNRSUYKYFBP4QY
302,293,2022-11-09,60.25,Debit Card,Completed,TXNB8MC02ZKEHL3
303,294,2022-09-04,1363.72,Gift Card,Pending,TXN1GYA73H39Q8B
304,295,2022-01-11,2595.61,Credit Card,Completed,TXNSC728905HO2C
305,296,2023-04-13,819.65,Gift Card,Refunded,TXNIBRQF5LNJIHE
306,297,2021-03-08,1105.14,Credit Card,Completed,TXNWTAU3TE9H9Y4
307,298,2021-11-10,1539.16,Amazon Pay,Completed,TXNH9FE36EPCEW8
308,299,2021-04-30,2923.16,Gift Card,Refunded,TXN21QA1DWMEJKE
309,300,2022-01-07,3228.76,Gift Card,Refunded,TXN75ZUIDVJPS1F
310,301,2021-10-07,3470.36,Amazon Pay,Pending,TXNKUDWQ5X9ZEK8
311,302,2023-04-17,438.77,Credit Card,Refunded,TXNLYQP2U7NYWBT
312,303,2023-09-07,1110.01,Credit Card,Completed,TXNO9JZGZ2QIKQU
313,304,2021-12-21,911.52,Amazon Pay,Refunded,TXNSN6F0YCRYG18
314,305,2024-01-12,2039.53,Credit Card,Failed,TXNFXW933E2QT53
315,306,2024-09-17,214.13,Credit Card,Completed,TXNJH7RUABD645G
316,307,2024-07-26,379.49,PayPal,Refunded,TXNMM7PFEENCTK0
317,308,2024-08-03,547.76,Credit Card,Refunded,TXNJ8FWYB51PCME
318,309,2021-03-24,1385.77,Gift Card,Pending,TXN4RJ2CKNIQ71R
319,310,2024-07-08,2782.56,Credit Card,Failed,TXNJMOV3WOYSXG5
320,311,2021-03-27,1939.27,Credit Card,Completed,TXNP8FH9CWBRQQ6
321,312,2022-08-20,2097.94,Debit Card,Refunded,TXN4XPQVJNPBM10
322,313,2024-05-10,391.78,Amazon Pay,Completed,TXNJZCXDWGUVUFX
323,314,2022-03-28,1268.9,PayPal,Pending,TXN55D6Z98BWWPA
324,315,2024-04-25,3181.61,Gift Card,Refunded,TXN5COHI6HNK2GB
325,316,2022-09-11,1819.79,Credit Card,Refunded,TXNJJNSOVJ625WO
326,317,2021-12-07,1327.56,Debit Card,Failed,TXNOK1WYVUPYVYP
327,318,2022-06-12,1500.71,Debit Card,Completed,TXNFPCBZTFF6VZC
328,319,2022-01-14,605.03,Credit Card,Refunded,TXNOL931XGEUQQ1
329,320,2024-01-17,106.94,PayPal,Completed,TXNXYOBOOFPEOUC
330,321,2022-10-23,2074.03,Debit Card,Failed,TXNG623J737XRNR
331,322,2024-09-30,2182.26,PayPal,Completed,TXNCJ1AJ0IMTBBW
332,323,2022-11-18,2265.61,Amazon Pay,Completed,TXNVQJDDGB9S7SC
333,324,2021-03-31,2979.96,Debit Card,Completed,TXNN4ZDHYVPQCSW
334,325,2021-06-06,2322.98,Gift Card,Completed,TXNXTME7H8LGIC5
335,326,2024-01-03,,Credit Card,Refunded,TXNW5A50Y1X79C5
336,327,2021-10-01,1999.36,Amazon Pay,Failed,TXN3U5L1GSMX74X
337,328,2022-11-02,3310.6,Debit Card,Refunded,TXNHAK6J9Q3GH5V
338,329,2022-08-30,3256.27,Amazon Pay,Pending,TXNC2WVWH1FJCN4
339,330,2021-04-04,1866.32,Amazon Pay,Completed,TXN7Q86DU5WXBRC
340,331,2023-07-04,2136.84,Gift Card,Refunded,TXNP6XXP5I97BFY
341,332,2021-08-16,1483.65,PayPal,Pending,TXNQIVUL5YZWP4T
342,333,2022-02-07,1392.14,Credit Card,Completed,TXNXENG7BAK8VFU
343,334,2022-05-16,3274.26,PayPal,Refunded,TXNWOOETQ0DAUC4
344,335,2021-05-08,1518.36,Amazon Pay,Refunded,TXNOM6REM8RUGCI
345,336,2023-10-25,758.57,Debit Card,Pending,TXN96XXZXXFRMVZ
346,337,2023-04-05,1524.85,Credit Card,Completed,TXNE1ZC7BVVG5S9
347,338,2022-02-16,2358.86,Amazon Pay,Completed,TXNHDA56AQYCVF7
348,339,2021-05-10,2579.63,Amazon Pay,Completed,TXNSVV7IXLLJO7W
349,340,2024-07-12,31.9,Debit Card,completed,TXNA5IH2Y4R1BCC
350,341,2021-09-18,417.56,Credit Card,Refunded,TXNR5I1SOK4KJ1M
351,342,2024-01-14,631.9,PayPal,Completed,TXN67958VP4GL7J
352,343,2023-12-30,3045.87,Credit Card,Failed,TXNWYM23UJJC75T
353,344,2024-04-29,2112.18,Credit Card,Completed,TXN73QFJ4GT403J
354,345,2024-04-01,1668.38,Debit Card,Completed,TXN06ZE50KWD0LB
355,346,2024-06-21,23.43,Amazon Pay,Refunded,TXNEXYVCUBPR0W6
356,347,2024-03-15,3338.09,Gift Card,Completed,TXNU3EVPZZB25WC
357,348,2022-05-12,3303.6,Debit Card,Completed,TXNZX1QF8J6PHA6
358,349,2021-02-27,2775.25,PayPal,Pending,TXN4GXZ7R2ZC0X8
359,350,2021-03-06,146.4,Credit Card,Completed,TXNKX7G9S0GD5N0
360,351,2023-12-31,166.66,Credit Card,Completed,TXNLIH6D07CPG59
361,352,2024-02-03,924.07,Gift Card,Completed,TXN9ASKYY9BE3T5
362,353,2021-11-02,12.21,PayPal,Refunded,TXNWR2RVA2ULZFQ
363,354,2024-08-14,1362.03,Debit Card,Pending,TXNLAW88P43GK24
364,355,2023-06-04,1684.68,Debit Card,Refunded,TXNNX9XZ73QW522
365,356,2024-07-16,438.83,Credit Card,Refunded,TXND1VO6UV82VSN
366,357,2021-03-30,1206.87,PayPal,Refunded,TXN2GXNRBHF9D3Q
367,358,2023-02-13,1139.39,Amazon Pay,Failed,TXNEWPXA41QDPHJ
368,359,2022-01-13,833.33,Credit Card,Completed,TXNPS03SKLT7XEO
369,360,2022-09-22,2399.72,Debit Card,Refunded,TXNQDJY9SR6YS4V
370,361,2022-04-20,2908.22,Credit Card,Pending,TXNTD0YVIZUUV5X
371,362,2021-04-26,2307.86,Debit Card,Completed,TXNFLC0ZO9VCEZR
372,363,2023-10-11,2252.46,Gift Card,Completed,TXNUUHRZWI2P4L9
373,364,2022-10-28,604.39,Credit Card,Completed,TXNAJEHXRWJK9QZ
374,365,2022-11-03,242.29,Credit Card,Refunded,TXNOJT5LPXN9ECA
375,366,2022-06-14,813.82,PayPal,Refunded,TXNW4FKE9MOVBX2
376,366,2022-06-14,813.82,PayPal,Refunded,TXNW4FKE9MOVBX2
377,367,2021-08-18,2461.12,Credit Card,Refunded,TXNW53NAHOH2P9R
378,368,2022-11-14,785.64,Debit Card,Completed,TXNH8ZAFU677KC6
379,369,2024-08-12,3277.82,PayPal,Completed,TXN0JMRZ2HAWC0N
380,370,2023-09-01,1527.43,PayPal,Completed,TXNDSRLE0WRJD1X
381,371,2022-11-01,2844.47,Gift Card,Pending,TXNL8JUW5UDTEOF
382,372,2022-01-21,1743.01,PayPal,Completed,TXNOKLVC7PBGEP9
383,373,2021-05-14,1392.23,PayPal,Completed,TXNWPEIKZ0629CK
384,374,2024-06-02,2416.33,Gift Card,Refunded,TXNM07NKWX86Y4I
385,375,2021-02-04,2483.96,Gift Card,Pending,TXNJD6ZRRYJ72TU
386,376,2022-08-12,2579.07,Debit Card,Completed,TXNBB6F01ZLZWDG
387,377,2021-12-16,1156.79,Gift Card,Completed,TXN07CMX3IMWZKF
388,378,2021-04-16,2047.49,Debit Card,Completed,TXNP6O27B5WZSLK
389,379,2022-01-20,1622.81,Gift Card,Completed,TXNBMFND4N2ZQ7Q
390,380,2022-06-29,567.97,Debit Card,Completed,TXNLM5TO0SS35AY
391,381,2023-12-18,1881.95,Debit Card,Completed,TXNM580830N95R3
392,382,2022-11-21,2585.23,Debit Card,Completed,TXNKUOIPBVN7M9U
393,383,2024-03-27,3016.44,Amazon Pay,Completed,TXNQ374M3R3MFZK
394,384,2024-01-08,51.49,PayPal,Completed,TXNXZ6DDB48GYUL
395,385,2024-03-24,877.68,Debit Card,Completed,TXNNLD6ARW4YEFA
396,386,2022-12-17,2013.15,Gift Card,Refunded,TXNBYR4L7N2LEYU
397,387,2022-11-03,1619.02,Gift Card,Completed,TXNCKMSN35XAMVT
398,388,2021-10-14,1788.7,Amazon Pay,Refunded,TXNMAHE441EY0BD
399,389,2021-01-15,3418.24,Credit Card,Completed,TXNIA8JRRX0TT40
400,390,2024-08-25,1320.75,Credit Card,Completed,TXN9W8AX6WPGK9M
401,391,2023-02-17,2150.92,Amazon Pay,Completed,TXNJ92D3CBIWMRW
402,392,2021-02-27,2279.05,Amazon Pay,Completed,TXN49IRRCH68HW6
403,393,2023-02-13,2469.74,Debit Card,Refunded,TXN7X6I9CCNMJDO
404,394,2023-04-19,3372.04,Gift Card,Completed,TXNZ3AK1OPDSN5G
405,395,2021-01-17,737.77,Debit Card,Completed,TXN7IC3FYK1DRNZ
406,396,2021-08-26,1116.29,PayPal,Pending,TXN282DE12UW305
407,397,2022-06-17,1998.14,Credit Card,Pending,TXNGWNDD2WUPT7P
408,398,2022-12-20,2911.7,Amazon Pay,Completed,TXNYRM1KI8RVJFN
409,399,2022-06-29,2823.09,Debit Card,Completed,TXN8DCWCJ0TCLJI
410,400,2022-09-17,3155.0,Amazon Pay,Refunded,TXNJFNFECW9AKCD
411,401,2022-04-01,338.1,Credit Card,pending,TXNSGESKGEFUEWP
412,402,2022-01-31,3392.94,PayPal,Completed,TXN0U60TQCF8YTJ
413,403,2022-06-21,3045.92,Credit Card,Completed,TXNJBCJ9X9YEZPU
414,404,2022-07-04,2478.39,Credit Card,Completed,TXN2WMB8S6KPKWL
415,405,2022-07-09,2942.26,Amazon Pay,Completed,TXN0RKGX1CKJ1EM
416,406,2024-01-20,1957.49,Credit Card,Refunded,TXNLI86MS9V04T1
417,407,2023-02-04,513.09,Amazon Pay,Completed,TXNJWM5THV1D12C
418,408,2023-12-29,1345.18,Amazon Pay,Completed,TXN076D4P662XQF
419,409,2024-01-24,602.72,Credit Card,Failed,TXNXFWVWI9FL3XD
420,410,2023-03-12,2003.63,Debit Card,Refunded,TXNCAJKJI7UBTNO
421,411,2023-09-02,1737.32,Debit Card,Completed,TXNW8NF5179N1UJ
422,412,2024-06-14,130.78,Debit Card,Refunded,TXN6FNSSB6FQDGX
423,413,2023-11-10,507.45,Credit Card,Refunded,TXNOEG7BWOF95MB
424,413,2023-11-10,507.45,Credit Card,Refunded,TXNOEG7BWOF95MB
425,414,2021-08-18,2829.02,Credit Card,Refunded,TXNKR7SFFELLW5R
426,415,2023-04-14,1062.35,PayPal,Pending,TXNHBMT69OQAGRW
427,416,2021-02-01,951.87,Credit Card,Pending,TXN3TBO5ZUUJONB
428,417,2022-01-05,2363.67,Credit Card,Failed,TXNHW9WQBTLPNWY
429,418,2023-04-18,1057.38,PayPal,Pending,TXN2PWM0JSIS0T3
430,419,2024-01-12,468.63,Credit Card,Completed,TXNVGAVK01C38ME
431,420,2023-04-09,1880.15,PayPal,Completed,TXNW17L6BA5BU27
432,421,2023-02-16,1098.75,Amazon Pay,Completed,TXNQSCH5E24M71W
433,422,2024-03-02,2172.79,Credit Card,Completed,TXNSM0P9IWASWSI
434,423,2023-12-20,2192.39,Amazon Pay,Pending,TXN0LP4YK89C2SY
435,424,2023-06-15,1769.55,Gift Card,Completed,TXN4IV5JUQHAJ2T
436,425,2021-10-31,705.56,PayPal,Completed,TXNNC60T1GQVWQL
437,426,2022-03-03,1924.42,PayPal,Completed,TXNSHVOFBWKXS1N
438,427,2024-06-07,2690.73,Credit Card,Completed,TXN4YDRUBQ7YX50
439,428,2024-04-02,2200.94,Amazon Pay,Failed,TXN9HRLFVWHWGAN
440,429,2024-03-28,1364.83,Credit Card,Refunded,TXNHY3FI07HR4IR
441,430,2023-03-07,2857.62,Amazon Pay,Completed,TXNJ0DWM2VTX4FG
442,431,2022-05-16,3089.51,Gift Card,Refunded,TXNBZVYYO6CD640
443,432,2023-10-24,1088.57,Credit Card,Completed,TXN3BQOQR7GYSIE
444,433,2022-05-05,1568.21,Debit Card,Completed,TXN1HX0YS7GEJFO
445,434,2023-04-09,197.3,Credit Card,Refunded,TXNFY5O5BFKCAXE
446,435,2023-11-05,1569.12,Credit Card,Refunded,TXN8L8GAU1Y2JED
447,436,2022-12-11,1143.42,Credit Card,Pending,TXNAF0YVSI8WG0I
448,437,2022-04-01,39.39,Gift Card,Completed,TXNT3HKFYCCGZS4
449,438,2024-01-30,2202.91,Credit Card,Failed,TXN9JUIA1RH1O5S
450,439,2021-03-06,203.28,Debit Card,Completed,TXND95CEEVZAYB2
451,440,2021-10-21,3077.64,PayPal,Refunded,TXN74VPAK2D2Z9Z
452,441,2021-09-14,162.88,Credit Card,Completed,TXNTP9RRDMKUNIF
453,442,2023-02-21,3424.86,Credit Card,Completed,TXN37D7VPVH9WNJ
454,443,2021-06-30,1752.28,Amazon Pay,Completed,TXNSJE6FQHDCSWQ
455,444,2022-04-27,299.93,PayPal,Pending,TXNDXM89V9VZ15I
456,445,2023-07-29,1787.76,PayPal,Pending,TXN14DT1N5JQ2KC
457,446,2021-09-24,3078.83,Gift Card,Failed,TXNWZJW87SZZMTV
458,447,2023-08-28,219.71,PayPal,Refunded,TXN76EXRW64NQX3
459,448,2023-10-23,448.18,Amazon Pay,Failed,TXNZOTS1BUJLZ84
460,449,2023-02-14,313.21,Credit Card,Refunded,TXNQC5U7906NW8D
461,450,2024-03-23,2421.44,Debit Card,Completed,TXN6OB8X1FE8K73
462,451,2022-02-05,137.39,Amazon Pay,Completed,TXNQPIF6EYYNYPM
463,452,2023-10-22,1853.54,Gift Card,Completed,TXNF4A5PLL7BXA2
464,453,2021-02-07,361.64,Credit Card,Completed,TXNQ5QAXNZIW3KH
465,454,2022-05-22,1095.23,Credit Card,Completed,TXNYTA0COR7Y8TS
466,455,2024-08-07,717.2,Debit Card,Failed,TXN1GW7RYEUBHS1
467,456,2024-05-22,393.71,Amazon Pay,Completed,TXN505U3TQE0LUL
468,457,2021-07-22,1946.17,PayPal,Completed,TXNKAN4010Y7TWI
469,458,2021-04-15,1004.28,Gift Card,Pending,TXNHXLSL6FW37VM
470,459,2023-06-16,588.11,PayPal,Completed,TXNA8MMOJK45QBO
471,460,2021-10-09,801.17,PayPal,Refunded,TXNRKF6BJY6VVW6
472,461,2024-06-14,2372.19,PayPal,Refunded,TXNRV5S722E4HQ4
473,462,2024-01-02,150.71,Debit Card,Completed,TXN0VQ2Q6YHABG0
474,463,2021-01-31,3036.29,Credit Card,Completed,TXN6NSCUIECHZSW
475,464,2023-03-21,1373.55,Debit Card,Completed,TXN5A2C1L9FJ7U0
476,465,2023-03-27,2391.02,Debit Card,Refunded,TXN0USXW8M0LNK4
477,466,2021-07-03,2937.17,PayPal,Completed,TXNBT1QW64JOCIX
478,467,2022-03-22,2274.23,PayPal,Pending,TXN34440WE0VC54
479,468,2024-01-08,2994.93,Credit Card,Failed,TXNGFI4Z06H1TP7
480,469,2021-06-02,524.29,Amazon Pay,Completed,TXN4MDRD2FXLGQX
481,470,2022-08-19,816.5,Credit Card,Failed,TXN5XWR2D8KCQUV
482,471,2021-07-11,3082.82,Credit Card,Completed,TXNR8DAQPMBN3AX
483,472,2021-09-08,1185.99,Debit Card,Refunded,TXN2XGBEAKFK6AF
484,473,2023-10-07,827.39,Gift Card,Failed,TXNBCOEMUIZ4T6Y
485,474,2021-11-13,169.19,PayPal,Failed,TXNFVJNHAV07ARX
486,475,2021-11-11,2656.74,Credit Card,Completed,TXNX6561ESVQUWJ
487,476,2021-03-17,105.33,Amazon Pay,Pending,TXNJOWEMDRJ4BX9
488,477,2024-08-28,812.28,Debit Card,Refunded,TXNEQPLA90UEAHA
489,478,2023-12-22,1044.81,Credit Card,Completed,TXNQCLO8L5KBTS5
490,479,2021-04-13,2699.32,PayPal,Completed,TXNHLD2SKE1AZPC
491,480,2022-09-07,485.01,Amazon Pay,Completed,TXNHGNO2KHVZPSW
492,481,2022-03-03,492.89,Gift Card,Completed,TXNR6Z2VMLQL2TN
493,482,2024-05-28,115.43,Gift Card,Completed,TXNGUB6XJJERE1G
494,483,2022-11-17,31.03,Debit Card,Completed,TXNI06AIWXEST02
495,484,2023-05-07,1507.43,Amazon Pay,Completed,TXNCMC4E1SDA216
496,485,2023-08-29,2490.27,Debit Card,Failed,TXNGFTGXQ70FPM9
497,486,2022-01-06,2932.15,Credit Card,Refunded,TXNZ73JZOD8K30T
498,487,2021-08-06,,Amazon Pay,completed,TXN5UCB5DRLZZ1W
499,488,2022-08-27,407.93,Debit Card,Completed,TXN7GH41UKCOVRX
500,489,2021-08-01,733.58,Credit Card,Failed,TXN8X8XU2PLCSVF
501,490,2024-01-31,653.5,Debit Card,Completed,TXN6T8JNRJS556D
502,491,2023-07-12,3492.29,Credit Card,Refunded,TXNK5A4RGFNIROH
503,492,2024-04-09,1611.34,Debit Card,Completed,TXNZQNO6I5Z21GZ
504,493,2023-06-28,28.6,PayPal,Refunded,TXN7HJYRGJ0VV8H
505,494,2022-12-18,,Debit Card,Completed,TXNO5LKHJ649M56
506,495,2022-01-05,421.38,Credit Card,Pending,TXNR5T9L1OTARLZ
507,496,2021-05-02,1589.44,Amazon Pay,Pending,TXNDSOM4GKEHJOK
508,497,2022-02-25,2196.84,Credit Card,Refunded,TXNMRPOQSYK1YQ4
509,498,2023-10-12,3049.92,Debit Card,Refunded,TXNZUOIT8E8AJMW
510,499,2022-01-17,3088.59,Credit Card,Completed,TXNCW6B27VMD777
511,500,2021-11-18,485.55,Debit Card,Completed,TXNWFYEGFYAZPQV
512,501,2022-12-06,799.58,Credit Card,Completed,TXNF8U88YN45JDL
513,502,2024-02-10,2187.0,PayPal,Pending,TXNS4C3G4C1ARR5
514,503,2024-04-27,1885.54,Gift Card,Refunded,TXNOEM0VYRG5ASC
515,504,2022-07-08,1560.72,Credit Card,Completed,TXNA6POSZDT1NMI
516,505,2023-10-14,1614.65,Debit Card,Refunded,TXNPAGBPGNIOC6D
517,506,2022-07-04,1203.22,PayPal,Completed,TXNTAQFW4HFNF8T
518,507,2022-04-15,1408.73,Credit Card,Refunded,TXNRZARYQ3DE0AU
519,508,2024-07-13,3141.57,Debit Card,Refunded,TXNHPBAHDG1YE29
520,509,2021-02-24,2598.98,PayPal,completed,TXNSO282D8FT33J
521,510,2021-08-05,186.26,PayPal,Completed,TXNFG01HLOT6HVG
522,511,2024-09-26,3211.47,Amazon Pay,Failed,TXNC6TITUGSWUNS
523,512,2021-07-11,897.76,Gift Card,Pending,TXNZQV4NT30S0V9
524,513,2022-09-12,1729.56,Amazon Pay,Completed,TXN9XKR9NJ55AB7
525,514,2022-12-27,589.09,Credit Card,Completed,TXNX27EAF5NIU9W
526,515,2022-11-15,1850.25,PayPal,Completed,TXNMNG9I76GO3PZ
527,516,2021-10-04,2591.4,Debit Card,Failed,TXN5QXGODWZZC26
528,517,2023-02-04,1948.52,Credit Card,Completed,TXNIGEGR7OMJ8B1
529,518,2024-09-21,1570.81,Credit Card,Failed,TXNA05GEICKYDVI
530,519,2021-12-14,1013.28,Credit Card,Completed,TXN96AZTIKVIF25
531,520,2021-03-23,3215.78,Credit Card,refunded,TXN983V5QENHSWD
532,521,2021-05-17,2512.95,Debit Card,Refunded,TXN3XB110OW95YC
533,522,2024-01-09,2928.88,Amazon Pay,Completed,TXNOFVHDVMWY67M
534,523,2021-02-13,140.08,PayPal,Completed,TXNITMUFA26QCF5
535,524,2023-03-12,2499.17,Credit Card,Completed,TXNU5DLOKIADYIU
536,525,2023-05-18,521.68,Amazon Pay,Completed,TXNY3PBWE9CL2WW
537,526,2022-06-15,1055.85,PayPal,Completed,TXN5Y1N77UC5HO0
538,527,2022-02-07,3132.71,PayPal,Refunded,TXNCE64Q9RH49T7
539,528,2024-05-22,,Amazon Pay,Failed,TXN7XTOVRBQ3K9D
540,529,2024-02-02,2963.35,PayPal,Refunded,TXNYHO7S54HR8VN
541,530,2021-12-12,1083.71,Amazon Pay,Completed,TXNLOAQ63GQ8MG6
542,531,2023-05-28,2885.46,Credit Card,Completed,TXNNX72OAAJPWA0
543,532,2022-04-07,1468.9,Amazon Pay,Refunded,TXNAW20GJPQPQ24
544,533,2022-06-30,2088.71,Credit Card,Failed,TXN4C40IRG29FLV
545,534,2021-07-07,1131.29,Credit Card,Refunded,TXNPLUKYNH02BHX
546,535,2023-05-26,2226.47,Amazon Pay,Completed,TXN8R3WD5RPIZET
547,536,2021-04-15,1902.39,Credit Card,Failed,TXN4DGXZXFFAE81
548,537,2021-09-27,1941.55,Debit Card,Failed,TXNTT5INXV85SLB
549,538,2023-11-30,2135.16,Amazon Pay,Completed,TXN7QSX3ZYWPGPO
550,539,2021-08-14,153.12,Gift Card,Completed,TXN5547T3K9ODU1
551,540,2023-01-15,126.1,Amazon Pay,Failed,TXNY3PAWJZXC7NE
552,541,2023-11-09,2259.7,PayPal,completed,TXN5H6IDYDNRB3D
553,542,2022-01-10,1669.06,Debit Card,Completed,TXN7EC7S5C5K07X
554,543,2022-11-05,2096.3,Amazon Pay,Failed,TXNT78KKD2SGR9W
555,544,2023-11-21,1690.71,Credit Card,Completed,TXNDP73K5RYSIF2
556,545,2021-10-10,214.8,Debit Card,Completed,TXND8H6MUHJ2G9T
557,546,2023-03-12,253.35,Credit Card,Completed,TXNNPMU2YEV3L2O
558,547,2021-12-30,3483.24,Amazon Pay,Completed,TXNP4CD0PPX8DY3
559,548,2022-10-24,325.63,Gift Card,Completed,TXNJJWGRLLRVV1R
560,549,2021-12-18,115.42,Amazon Pay,Failed,TXNZO5HU599LJE8
561,550,2022-09-12,1262.19,Amazon Pay,Completed,TXNU7JW9WCBW4QL
562,551,2021-05-11,672.58,Gift Card,Completed,TXN7JB4IN9HG9OZ
563,552,2023-11-16,2842.91,Debit Card,Pending,TXNGSK35HXDOC9J
564,553,2023-04-29,1358.41,Amazon Pay,Refunded,TXNXFZVD2M24BZO
565,554,2021-04-17,3089.87,PayPal,Completed,TXN2AFUXAMOI74B
566,555,2021-04-05,3420.87,Amazon Pay,Completed,TXNP7F2T73OE0OT
567,556,2024-07-12,3363.68,PayPal,Completed,TXNP1J790486OS7
568,557,2021-12-23,1847.75,Credit Card,Completed,TXN9REQQY35YT91
569,558,2024-09-13,2249.13,Debit Card,Completed,TXNJQSCAN30T37W
570,559,2024-04-28,3006.44,PayPal,Completed,TXNN6J25QGJRW7G
571,560,2023-12-23,428.96,PayPal,Completed,TXNYIE9C6D9BG74
572,561,2022-07-06,2209.45,Gift Card,Completed,TXNURMWW5HPTMTK
573,562,2021-01-23,507.69,Amazon Pay,Pending,TXNWSHY61YDZDOZ
574,563,2021-07-04,41.25,Amazon Pay,Failed,TXNX095MNSY5FSG
575,563,2021-07-04,41.25,Amazon Pay,Failed,TXNX095MNSY5FSG
576,564,2024-06-03,12.68,PayPal,Refunded,TXNRRB39US6QPWH
577,565,2022-12-28,1759.3,Amazon Pay,Completed,TXN52NI0D73NEJV
578,566,2023-03-31,1918.28,Debit Card,Completed,TXNTXOQDV04X538
579,567,2023-01-27,,Amazon Pay,Completed,TXNEL7S4AXDWXDZ
580,568,2023-08-08,1433.06,Debit Card,Completed,TXNF7F8T3KI0V2A
581,569,2021-10-04,1360.46,Debit Card,Completed,TXNRGBOMLNGY4KA
582,570,2023-03-27,2046.09,PayPal,Refunded,TXNS1JAV8NFQRWU
583,571,2022-05-23,1676.33,Amazon Pay,Completed,TXN0ODKPXGQIXOY
584,572,2023-06-08,1842.92,Credit Card,completed,TXNW7DS7K25PNV0
585,573,2024-05-20,2102.22,Credit Card,Completed,TXNF66B9YNZ51MG
586,574,2022-09-02,1637.77,Debit Card,Completed,TXNGW2TCWK4QCK5
587,575,2022-08-06,68.22,Credit Card,Refunded,TXN05AQBYUM5F3Q
588,575,2022-08-06,68.22,Credit Card,Refunded,TXN05AQBYUM5F3Q
589,576,2021-09-29,2259.05,PayPal,Completed,TXN4CUHZCHY24S8
590,577,2024-06-25,1185.55,Amazon Pay,Completed,TXN7PTV9L660NFF
591,578,2024-06-28,1408.37,Gift Card,Completed,TXN2JEKQG2IBO1C
592,579,2023-12-30,1282.09,Debit Card,Refunded,TXNQR5O1CE7B5YU
593,580,2024-03-17,2654.36,Credit Card,Completed,TXN1FB0GQ3A7C1R
594,581,2023-10-03,1119.78,Amazon Pay,Pending,TXN6T7NMWNPNQA5
595,582,2021-04-17,601.76,Credit Card,Refunded,TXN8DITWPLA6A7G
596,583,2024-09-20,2918.31,Debit Card,Completed,TXN6K947MCWYS6G
597,584,2022-03-07,651.63,Credit Card,Refunded,TXNKSCNLHJNXP90
598,585,2021-01-01,1559.32,PayPal,Completed,TXN8R92JSFPV6QG
599,586,2023-08-22,2652.12,Credit Card,Failed,TXNJNML4WHR98CH
600,587,2024-09-08,283.81,Credit Card,Pending,TXN6OB3DB29OHFF
601,588,2022-12-27,2599.54,Credit Card,Failed,TXNIZTLKW3QKXP1
602,589,2023-01-20,173.65,Credit Card,Completed,TXNYEBK9F6G8V3G
603,590,2021-01-26,419.13,Amazon Pay,Refunded,TXNT8LNA4DMS7MC
604,591,2021-02-19,569.51,Amazon Pay,Failed,TXNT2TC8YBOBPY1
605,592,2022-07-25,53.44,Credit Card,Completed,TXN8ATJZHBA09ZV
606,593,2024-05-14,1205.48,Amazon Pay,Completed,TXNPZEVW6XQ3CDN
607,594,2023-10-28,1517.69,Debit Card,Completed,TXNPDTB3GLL6BWL
608,595,2021-03-26,1897.57,Credit Card,Completed,TXNAXMLXA50QTA9
609,596,2021-10-25,1180.15,Credit Card,Failed,TXNIMX5HHVYHXDG
610,597,2022-01-17,122.9,PayPal,Completed,TXNX6IAOCE960AJ
611,598,2023-08-22,1278.12,Credit Card,Completed,TXNK65AWSEB06ZA
612,599,2023-06-28,2881.83,Debit Card,Refunded,TXNRKH7KX0M1SHB
613,600,2023-04-16,1150.24,Credit Card,Completed,TXNH0ODOR9AACIZ
614,601,2023-02-27,462.79,Amazon Pay,Completed,TXNO201U6K5YQ8O
615,602,2023-04-02,1382.86,PayPal,Completed,TXNIXEP5G4GE6V7
616,603,2023-12-24,2932.59,Credit Card,Completed,TXNGKAVRC6AGIWZ
617,604,2021-08-31,2240.44,Debit Card,Refunded,TXNMQ4UMN6M97X1
618,605,2023-08-01,2095.12,PayPal,Completed,TXNFV2KGGHKHE15
619,606,2023-12-29,3384.86,Amazon Pay,Refunded,TXN0FLABEHAMSXA
620,607,2022-07-14,2617.61,Credit Card,Completed,TXN4GMVD9AZIWEI
621,608,2021-09-12,2517.1,Credit Card,Completed,TXNAIMP7OA09R17
622,609,2023-03-27,2093.94,Amazon Pay,Refunded,TXN6R1TD8DFA8NO
623,610,2021-01-25,1475.8,Credit Card,Completed,TXN4BITQUFWI2ZQ
624,611,2024-08-04,65.96,Debit Card,Completed,TXNTK2ZT15NYSGT
625,612,2021-05-26,25.24,Debit Card,Completed,TXN3XO76ZZ5NUOT
626,613,2023-05-17,225.82,Debit Card,Completed,TXN7SAW00T5TK2Y
627,614,2022-09-22,1320.06,Amazon Pay,Refunded,TXNOTBPCMOY84FY
628,615,2024-04-10,2008.62,Gift Card,Failed,TXNONRQ36MMDRQ8
629,616,2024-04-04,1942.51,Debit Card,completed,TXNQ5UJ5KDIICZK
630,617,2023-03-22,181.62,Amazon Pay,Pending,TXNLVCFBWQWA9QC
631,618,2025-07-22,657.77,Amazon Pay,Completed,TXN1FM1OWWSA1T4
632,619,2023-09-09,1983.67,Credit Card,Completed,TXNLY3JZG9GFO8P
633,620,2022-05-07,3136.24,Debit Card,Completed,TXNRF1LFCOP4H6U
634,621,2023-08-28,791.18,PayPal,Failed,TXNVYUIU3XMVQD3
635,622,2021-02-14,237.75,PayPal,Completed,TXNKSE0APHW4JQZ
636,623,2022-09-01,1843.2,Amazon Pay,Refunded,TXN0DPMXWOBYEZW
637,624,2022-07-05,210.95,Debit Card,Completed,TXNRWV5ZO0KX7FM
638,625,2021-09-12,2762.22,PayPal,Completed,TXNKYJCMF4J10YE
639,626,2021-09-20,721.09,Gift Card,Refunded,TXNCS08V1EBCGYC
640,627,2023-09-07,1959.21,Credit Card,Completed,TXNZTKKSM55ECAR
641,628,2024-07-01,1013.95,Amazon Pay,Pending,TXNOFOWR4B2EGIC
642,629,2023-10-13,3041.21,Gift Card,Completed,TXN108DCNK4OWD1
643,630,2021-10-10,2948.08,Credit Card,Completed,TXNYKAQB6J9ME1V
644,631,2024-07-23,,Debit Card,Refunded,TXNZMXO4NIT8JYW
645,632,2023-09-22,3433.48,Amazon Pay,Refunded,TXNUA07FMN3WZ3V
646,633,2023-11-03,2174.57,Credit Card,Failed,TXN3CZ6OMK8I8DF
647,634,2022-08-31,3414.01,PayPal,Completed,TXNLR52H20UA4RZ
648,634,2022-08-31,3414.01,PayPal,Completed,TXNLR52H20UA4RZ
649,635,2023-12-29,1160.11,Amazon Pay,Pending,TXNVECSZFQP2J4V
650,636,2022-01-09,489.77,Gift Card,Refunded,TXNPZD8N0OBKUH9
651,637,2024-07-28,2615.37,Gift Card,Failed,TXNDLK8I174LXZ1
652,638,2023-12-13,2303.85,PayPal,Completed,TXNI19NDRVUK1TD
653,639,2022-06-08,1641.71,Credit Card,Failed,TXN7W3MQOJYSSEX
654,640,2023-05-28,2790.76,Amazon Pay,Refunded,TXNU2CGBDKZVENM
655,641,2022-02-17,2939.54,PayPal,Refunded,TXNQGSXY7JOA9WA
656,642,2021-01-16,2566.27,Credit Card,Completed,TXN71YHWFIHLY9Q
657,643,2022-10-23,3110.75,PayPal,Failed,TXNBCT64PBWM12R
658,644,2021-01-12,1188.15,Gift Card,Completed,TXN6SE4SJ8HRABZ
659,645,2023-02-23,547.13,Credit Card,Completed,TXNTNPS119O4XPC
660,646,2025-09-12,1857.2,Credit Card,Completed,TXNAS35XJ5TD4C8
661,646,2025-09-12,1857.2,Credit Card,Completed,TXNAS35XJ5TD4C8
662,647,2021-05-11,687.01,Credit Card,Refunded,TXNNGYL6KGLC669
663,648,2021-04-03,2144.01,Debit Card,Pending,TXNODS9GMYSEZVZ
664,649,2024-09-30,,Amazon Pay,Completed,TXNYO3GYB1GUUJ2
665,650,2021-11-10,1368.45,Credit Card,Completed,TXN720USZSKZK96
666,651,2023-02-13,2009.9,Amazon Pay,Refunded,TXNXLMC7U1MVZ50
667,652,2024-07-10,13.8,PayPal,completed,TXNPTTMDBZIVCG3
668,653,2022-12-26,1169.11,Credit Card,Completed,TXNK42SF12A5WSU
669,654,2021-03-25,2330.81,Amazon Pay,Completed,TXNVHRG9AMB9O1N
670,655,2024-09-06,2584.97,PayPal,Completed,TXN4L2382O4QFAC
671,656,2021-09-22,3059.53,Credit Card,Completed,TXNVHGH3D6G79QZ
672,657,2022-05-17,118.64,PayPal,Completed,TXNTT4MUTKBA4G2
673,658,2023-09-12,354.31,Credit Card,Pending,TXNHDHG5BI1IWK4
674,659,2022-03-14,1858.41,Amazon Pay,Completed,TXN2A9P94YTNCZ7
675,660,2023-01-11,2183.77,PayPal,Completed,TXNWNSLAZZ8C0OJ
676,661,2021-10-23,2190.11,PayPal,Completed,TXNG35A27CGLBVC
677,662,2021-04-26,3424.94,Gift Card,Completed,TXNL4KXB4OF37CQ
678,663,2023-08-13,256.4,Credit Card,Refunded,TXN2XBVG42H5ZXR
679,664,2024-01-21,1588.99,Credit Card,Refunded,TXNP0RNLRU24U80
680,665,2021-04-29,3456.61,PayPal,Completed,TXNF3SVQAPFKJMO
681,666,2022-06-24,1842.68,Amazon Pay,Completed,TXNJ3YVSILB59WW
682,667,2024-04-30,409.66,Credit Card,Failed,TXNYNJV7AEULE1W
683,668,2021-07-24,,Debit Card,Pending,TXNFC4VG9Z2ABPT
684,669,2021-01-15,2975.84,Credit Card,Refunded,TXNMFEJQL37546F
685,670,2023-09-13,1940.94,Gift Card,Completed,TXNESG12BE2LI51
686,671,2023-07-20,1478.32,PayPal,Completed,TXNG29KW1AAKNCM
687,672,2023-07-03,2591.68,Amazon Pay,Completed,TXNO7VMR32KX0JJ
688,673,2022-10-14,453.15,Debit Card,Refunded,TXNS3VKXSNPC5DT
689,674,2022-06-24,1885.51,Debit Card,Pending,TXNJ1T3ADB56EN6
690,675,2021-11-09,181.78,Debit Card,Refunded,TXNHW7W0K26BPLQ
691,676,2021-06-02,1581.67,PayPal,Failed,TXN2WWVRN86ELLZ
692,677,2023-01-02,1447.93,Credit Card,Failed,TXNAG9QHOAKGII1
693,678,2021-02-14,2149.91,Gift Card,Completed,TXNJDVZLSG5CSOA
694,679,2023-10-18,2108.96,Amazon Pay,Completed,TXNVXHIDU506MR0
695,680,2024-02-20,2906.23,Credit Card,Failed,TXN41O5OGI4MEIA
696,681,2021-07-05,1311.24,Credit Card,Failed,TXNB2HPU1FH7AM1
697,682,2023-08-14,2964.49,Debit Card,Refunded,TXNWI7G3C36F5A8
698,683,2024-01-21,1709.83,Debit Card,Pending,TXNZC4S4Q8EVOS8
699,684,2021-01-07,3142.48,PayPal,Completed,TXNCQZ09JD4MK84
700,685,2022-09-07,2449.69,Gift Card,Completed,TXNTKTH72E828WN
701,686,2022-08-13,2838.17,Credit Card,Completed,TXNLOBQZ847DDJ7
702,687,2023-05-20,113.2,PayPal,Completed,TXNMJKHWUI3PD1J
703,688,2023-02-12,1327.66,Debit Card,Refunded,TXNHBX7VEHY57C3
704,689,2022-05-08,479.15,Amazon Pay,Refunded,TXNDT2MD6T5Y7FE
705,690,2021-03-23,1942.51,Debit Card,Completed,TXNGRRH7BPE8TJT
706,691,2021-05-28,973.51,Credit Card,Pending,TXN8J40UGRT1ERK
707,692,2021-05-09,1525.64,PayPal,Refunded,TXNTEFCYXMT33FZ
708,693,2022-05-20,1990.96,PayPal,Refunded,TXNI4OBSDDDBAZR
709,694,2024-08-02,2979.32,Debit Card,Pending,TXNKBE0QAB7UR8W
710,695,2022-10-25,1208.03,Credit Card,Completed,TXNUSCB6RUXRR0J
711,696,2023-03-29,208.51,Amazon Pay,Refunded,TXNMTY0SX22JEM6
712,697,2023-02-14,2035.11,Debit Card,Completed,TXN4HP90LGLG6P8
713,698,2023-12-14,755.66,Credit Card,Failed,TXNG4DQTHGCNTDO
714,699,2022-05-15,340.71,Credit Card,Refunded,TXNL8YPYRRAN8S4
715,700,2023-09-11,304.23,Amazon Pay,Completed,TXNK3GMG5WAAECH
716,701,2021-12-16,1924.28,Debit Card,Failed,TXNT5EGCJZJ7SJO
717,702,2023-05-17,1594.95,Credit Card,Completed,TXNC07QQG6GBPEX
718,703,2021-05-28,2476.48,Credit Card,Failed,TXN7WYQK3TGZI4F
719,704,2023-06-04,3298.91,Credit Card,Failed,TXNVIU8XLCK8O8S
720,705,2021-07-16,1418.97,Debit Card,Completed,TXN2PZ2LX6EWKJE
721,706,2021-10-18,1491.21,Gift Card,Completed,TXNUH2MD7TZG35V
722,707,2022-07-24,3043.02,PayPal,Completed,TXN0QFWQSWE90CA
723,708,2024-09-03,2152.68,Amazon Pay,Refunded,TXN7BRT8ID9SQMJ
724,709,2022-04-03,618.34,Debit Card,Completed,TXNXY8DSS13VJUX
725,710,2022-06-05,2380.67,PayPal,Completed,TXNE3N52IID7RUT
726,711,2023-06-26,930.34,Credit Card,Failed,TXNQANXYLIHCEWN
727,712,2023-01-01,2348.37,Amazon Pay,Refunded,TXN076X6HJGNZCL
728,713,2024-07-28,2908.02,Debit Card,Completed,TXNFRGL26A2OC8I
729,714,2023-04-08,2966.25,PayPal,Completed,TXNPARQJW72PMNJ
730,715,2023-05-04,1659.84,PayPal,Failed,TXNITSULTAGAWPO
731,716,2022-07-09,2337.56,PayPal,Refunded,TXNUEYREHKX6FYK
732,717,2022-11-26,2644.87,PayPal,Completed,TXNQG53SRIVNVGJ
733,718,2021-06-17,2445.47,Gift Card,Pending,TXNO7D8WKDEF2MG
734,719,2024-09-12,1755.74,Credit Card,Failed,TXN2GPBNISWALJB
735,720,2024-01-08,2239.82,Gift Card,Completed,TXNVWOBRUJ1H1AD
736,721,2022-04-05,1808.29,Credit Card,Completed,TXNEQCIUP9VZUAG
737,722,2023-08-29,589.5,Debit Card,Completed,TXNYULYWLZHCJOJ
738,723,2023-09-15,1359.23,PayPal,Completed,TXNIT5CVTZ4PB7Z
739,724,2024-04-27,1395.04,PayPal,Completed,TXN5BMGUHQUSI3O
740,725,2023-04-11,1615.43,Debit Card,Completed,TXNO86TX1L8K3XI
741,726,2024-03-18,288.93,PayPal,Completed,TXNLBHWG5742LO6
742,727,2021-07-01,99.26,Amazon Pay,Pending,TXNDM0IBZZ0Q4Q4
743,728,2021-03-09,2750.58,Amazon Pay,Completed,TXNWKQ99QXI1HVU
744,729,2021-06-16,761.9,Amazon Pay,Failed,TXN3GEHLEK8D3JP
745,730,2021-07-25,1913.78,Credit Card,Completed,TXN0ICSH89UHLY1
746,731,2021-03-19,403.9,Debit Card,Completed,TXN6DO3ULZ8DAX7
747,732,2022-10-01,2909.47,Debit Card,Completed,TXN0A9Z1XED6AWJ
748,733,2024-06-25,435.76,Gift Card,Completed,TXNXFVUEAF87CLA
749,734,2021-11-16,1494.88,Debit Card,Completed,TXN9C3AW706N3CI
750,735,2024-01-19,2757.34,Debit Card,Failed,TXN4JIE0X2HZ4I6
751,736,2021-07-20,2861.03,Amazon Pay,refunded,TXNFJQ61IDL8P69
752,737,2022-08-16,1613.22,Amazon Pay,Pending,TXNZY5IK1B5F83X
753,737,2022-08-16,1613.22,Amazon Pay,Pending,TXNZY5IK1B5F83X
754,738,2023-06-13,1038.03,Amazon Pay,Refunded,TXNYQNCF06LHU9H
755,739,2024-06-12,2740.78,PayPal,Completed,TXNDVAC3WHUJABF
756,740,2021-06-05,1166.92,PayPal,Completed,TXNN8NPA25BPLB0
757,741,2022-12-07,622.5,Debit Card,Refunded,TXN4KONLDXFIB9S
758,742,2023-09-24,2094.27,Credit Card,Completed,TXN6JKL9BLXGWS5
759,743,2023-11-04,116.88,Credit Card,Completed,TXNJ9AA9P9URVI8
760,744,2023-01-19,3103.93,Debit Card,Refunded,TXNKEY4EOOYVGSU
761,745,2024-08-31,913.88,Credit Card,Completed,TXN4S7W8GME2X0L
762,746,2022-04-01,3345.47,Credit Card,Pending,TXNVTLLEACNLMG9
763,747,2021-01-08,215.89,Debit Card,Refunded,TXNSBC23I4S41PS
764,748,2021-01-16,2523.2,PayPal,Refunded,TXN012X3NCZ2ZMI
765,749,2021-10-31,55.97,PayPal,Completed,TXNOBQMFW0T2HC6
766,750,2022-09-01,2544.75,Debit Card,completed,TXNHTXX3ZCS1OZF
767,751,2022-05-20,2986.95,Amazon Pay,Completed,TXNXVKKZCOIX0BF
768,752,2021-09-26,420.63,Amazon Pay,Completed,TXN3RA7GEVW02ID
769,753,2022-05-08,2981.69,Debit Card,Pending,TXNX318NC6FS87V
770,754,2022-09-10,450.6,Debit Card,Completed,TXNR1IOTVTKA25H
771,755,2023-04-20,459.84,Gift Card,Refunded,TXNVMVG191LOAP1
772,756,2022-12-07,2361.17,Debit Card,Refunded,TXN4U3WO2Q66BZA
773,757,2023-06-30,2878.85,Credit Card,Completed,TXNIF9FMKHR6L3Z
774,758,2023-10-07,2445.58,PayPal,Pending,TXNZ54CO8FL67G8
775,759,2024-03-06,1824.18,PayPal,Completed,TXN3HP0ZVVZ2UUC
776,760,2022-11-11,1588.69,Credit Card,Failed,TXNWC83O3NYMZT0
777,761,2023-06-29,1469.71,Gift Card,Failed,TXNZGINJXXLZL8Z
778,762,2023-11-15,1400.65,PayPal,Refunded,TXNJSO8LX2U6YJZ
779,763,2022-01-05,41.93,PayPal,Completed,TXN87P1WUOAGPUW
780,764,2023-11-16,1595.75,Credit Card,Refunded,TXNK6GKJFU4DSGM
781,765,2021-08-10,1610.29,Credit Card,Completed,TXNCXGPV5EPYUPG
782,766,2021-01-31,224.41,PayPal,Failed,TXN4EG3KX0H9DRA
783,767,2023-01-05,2243.73,PayPal,Pending,TXNR4HNAQB3FX8P
784,768,2021-10-14,2164.16,Amazon Pay,Refunded,TXNGZYIZCFNKLXJ
785,769,2021-09-26,1900.09,Credit Card,Completed,TXNXX1W36COENWH
786,770,2024-05-22,27.29,Credit Card,Completed,TXN4KAXKHI5O54F
787,771,2024-04-15,2733.02,PayPal,Completed,TXN7AU8HFPAH82U
788,772,2021-04-10,748.65,Amazon Pay,Completed,TXN1N76S20EUPZ4
789,773,2021-04-30,1202.15,Credit Card,Completed,TXN2AQV2KN4AR8D
790,774,2021-05-12,1088.77,Debit Card,Pending,TXNQIMYJB939XX9
791,775,2022-12-06,3368.68,Gift Card,Completed,TXN9HZ5O115I0WF
792,776,2022-08-17,1559.34,Credit Card,Refunded,TXNRT3OJLNXORT6
793,777,2021-06-14,2493.13,Amazon Pay,refunded,TXNMLF1BDSHC982
794,778,2024-03-24,2271.53,Debit Card,Failed,TXNMMZDJDK7ZTCL
795,779,2021-08-22,2382.34,Amazon Pay,Failed,TXNFMSJBW9YUMX0
796,780,2021-11-06,1251.52,PayPal,Completed,TXN8SZB0DWOILDR
797,781,2023-04-29,2961.85,Credit Card,Failed,TXNLNTKPEZLTJVE
798,782,2022-11-21,3178.44,Debit Card,Refunded,TXNA9PKVR5PEGE3
799,783,2022-12-07,1336.54,Amazon Pay,Failed,TXNXP40DYGNN5DF
800,784,2022-02-18,3089.52,Gift Card,Refunded,TXN39UG5XTWHXX3
801,785,2024-09-28,581.2,PayPal,Pending,TXNWR8H22SN5Q94
802,786,2021-05-11,1112.57,Amazon Pay,Completed,TXNMWBV6IHDGHO3
803,787,2023-03-02,1855.98,PayPal,Completed,TXNNOYZA84QAMZI
804,788,2023-01-23,210.57,Debit Card,Failed,TXNN0JR4Y6ER0UZ
805,789,2022-11-15,3033.62,PayPal,Failed,TXNPFOH24XCLQRP
806,790,2022-10-17,762.13,PayPal,Refunded,TXNRYSWE7MDXAUJ
807,791,2022-09-09,432.94,Credit Card,Failed,TXNBYQ2ZWA6Y1NA
808,792,2022-12-08,3071.5,Credit Card,Refunded,TXNDFJX09TI8VK2
809,793,2022-04-17,1590.21,PayPal,Completed,TXNTRZ1QK5GPAF7
810,794,2021-04-25,233.47,Amazon Pay,Completed,TXNN3UXJ1N5KTS5
811,795,2024-07-14,2745.54,Credit Card,Completed,TXNMH1MLFL3KSIG
812,796,2021-02-25,1766.8,Credit Card,Refunded,TXN32VZOFV158DN
813,797,2023-07-14,1788.19,Debit Card,Completed,TXNSHXMJIKQNJY0
814,798,2023-02-20,893.65,Debit Card,Pending,TXNOA83Z7257HAY
815,799,2022-07-28,3036.13,Debit Card,Completed,TXNRJEPZDFYMEM3
816,800,2021-06-08,1668.43,Credit Card,Completed,TXNV9WADGI8YA7D
817,801,2024-03-27,223.77,Credit Card,Completed,TXNUUK5VPAX4467
818,802,2021-06-05,2223.73,Amazon Pay,Completed,TXNGLYT4W0XGJO1
819,803,2022-12-23,2240.67,Credit Card,Pending,TXNKFRV0HLXDLS7
820,804,2023-09-25,3367.61,Amazon Pay,Refunded,TXNCVTN9SFO8IPC
821,805,2024-02-19,336.0,PayPal,Pending,TXN3NVUFM8HCT4Z
822,806,2024-03-15,2578.09,PayPal,Refunded,TXNVKSMHKD7TSD3
823,807,2022-10-20,733.75,Gift Card,Refunded,TXN9OJO7BHOKD1Q
824,808,2023-06-20,3331.98,Debit Card,Completed,TXNLI03GDIJ6VRU
825,809,2023-03-31,2454.39,Credit Card,Completed,TXN5PTNY89V8VYG
826,810,2023-09-21,3063.65,Gift Card,Pending,TXNP4VPC985J8SF
827,811,2022-01-02,2840.81,Credit Card,Refunded,TXNLXCOMI9551AX
828,812,2023-11-27,381.67,Amazon Pay,Completed,TXNZ4AQQI8QBE9R
829,813,2023-08-25,1603.81,PayPal,completed,TXNE8BQQGU407TH
830,814,2023-07-23,1030.79,Amazon Pay,Refunded,TXNSJPPVEREQJ4A
831,815,2021-05-06,265.41,Credit Card,Failed,TXN4OHZ01ENA4PD
832,816,2022-03-20,2972.19,Amazon Pay,Completed,TXN8S6NVCI5KECG
833,817,2021-09-04,1322.93,PayPal,Completed,TXNWLEDNUDM0R9U
834,818,2022-08-30,1327.92,Credit Card,Pending,TXNXSVI4PFTOI6Y
835,819,2021-11-27,1335.72,Amazon Pay,Completed,TXNWDCY03LT2KG5
836,820,2021-06-30,3444.42,Credit Card,Completed,TXNT0GDM5QXL86H
837,821,2022-11-17,3178.48,Debit Card,Refunded,TXNG6JZ0GCQ8X3L
838,822,2023-05-09,1410.63,Credit Card,Completed,TXNZ0BT0O9F79OI
839,823,2024-02-14,1756.37,Debit Card,Completed,TXNNL9KHP6VCKY6
840,824,2023-04-06,1351.57,PayPal,Refunded,TXNO2UBS8ZD3AOK
841,825,2021-07-07,1432.76,PayPal,Refunded,TXN8F2Y21NTEPQO
842,826,2022-06-25,2347.64,Credit Card,completed,TXNLQUBWLNF1AIH
843,827,2022-09-15,310.2,Credit Card,Failed,TXNGABDEFJID8Y6
844,828,2023-04-01,2439.3,PayPal,Completed,TXN1NDT6AVU7N2V
845,829,2021-01-27,2066.77,Amazon Pay,Completed,TXNZ5A0KM653OOV
846,830,2021-08-22,2885.58,Amazon Pay,pending,TXN07JYLEVWXXUO
847,831,2024-01-19,186.5,Credit Card,Pending,TXNOKYLUA6M7M1P
848,832,2023-05-20,604.67,Debit Card,Refunded,TXNP9LAKN16MU79
849,833,2022-12-16,3435.06,Credit Card,Refunded,TXNIEKZ9L879DE6
850,834,2022-12-16,863.33,Amazon Pay,Completed,TXNNP2TG7MXAYU0
851,835,2021-10-13,2617.02,Amazon Pay,Completed,TXNQJNO8TNVFSWD
852,836,2021-08-01,1681.49,Amazon Pay,failed,TXNHU52AXTZB8VI
853,837,2023-04-18,2337.02,PayPal,Completed,TXNCALU4FS5GSXM
854,838,2024-04-27,1559.05,Debit Card,Completed,TXN9BMOI38DYW9B
855,839,2022-10-28,2111.77,Debit Card,Completed,TXNXN4RQ5J70AM1
856,840,2024-04-10,380.54,Amazon Pay,Completed,TXNEF23NRS1WVPF
857,841,2024-05-20,2936.73,Gift Card,Refunded,TXNQ0O7JSRYF2S5
858,842,2022-08-19,1362.49,Debit Card,Completed,TXNM7WRRGUQGTUM
859,843,2023-03-23,1869.74,Credit Card,Failed,TXN6J6VSCHC78ID
860,844,2021-03-31,951.5,Amazon Pay,Failed,TXN9ILS71NT3YUP
861,845,2024-07-06,188.21,PayPal,Completed,TXNSXW0XN6R31X5
862,846,2024-08-11,1731.99,Credit Card,Completed,TXNQMN8I95UJQXU
863,847,2021-11-02,1434.18,Gift Card,Completed,TXN5TMC0PG87XVL
864,848,2024-08-01,923.26,PayPal,Refunded,TXNCZLSR9G36JO7
865,849,2023-01-15,2226.35,Credit Card,Pending,TXNASB5GB3KEFNC
866,850,2022-09-17,1292.5,Amazon Pay,refunded,TXNW6J7OA8526AB
867,851,2023-10-07,3289.71,Debit Card,Completed,TXNCXPAOCEWANTR
868,851,2023-10-07,3289.71,Debit Card,Completed,TXNCXPAOCEWANTR
869,852,2024-01-04,1804.26,Gift Card,Refunded,TXNFFOWOZMLBW1Z
870,853,2022-04-14,2208.63,Amazon Pay,Failed,TXN4FACIXLEROJY
871,854,2022-10-04,2841.8,Credit Card,Refunded,TXN77S4H3B2Q3LD
872,855,2024-06-03,888.86,PayPal,Completed,TXNZ0SYSZ9JXP1U
873,856,2021-02-18,1270.51,Gift Card,Failed,TXNN9YWT15JENX7
874,857,2021-01-17,3213.0,Debit Card,Completed,TXNKAD9XQVDWSPC
875,858,2023-10-01,951.05,Credit Card,Completed,TXNMQDBPXWZNU8M
876,859,2023-05-14,393.69,Credit Card,Completed,TXNQWF3NWV6XKJT
877,859,2023-05-14,393.69,Credit Card,Completed,TXNQWF3NWV6XKJT
878,860,2021-07-12,3097.67,Credit Card,Completed,TXNFXFEML31X0GA
879,861,2022-11-09,3170.71,Credit Card,Pending,TXNE3ETSG8VI399
880,862,2023-01-04,1934.25,PayPal,Refunded,TXNKHKVXAMLNT5F
881,863,2023-01-15,2505.04,Debit Card,Refunded,TXNBSYL69KHSPTU
882,864,2024-05-21,283.59,Credit Card,Pending,TXNN5QTC4EILUF3
883,865,2021-03-06,1907.92,Amazon Pay,Refunded,TXNMRI2XFLZKXVC
884,866,2021-10-15,1317.19,PayPal,Failed,TXNTQ657SNYKDMK
885,867,2023-05-19,1793.96,PayPal,Completed,TXN3AB1ABMEXLDW
886,868,2023-05-19,1515.89,Debit Card,Completed,TXN2T5Z96P1BY6V
887,869,2021-05-02,1161.46,PayPal,Failed,TXN0GSKOD504QDU
888,870,2022-04-12,988.59,Gift Card,Completed,TXNEYYIAVPTS12T
889,871,2024-09-08,516.92,Credit Card,Completed,TXNHEB4KZB95KMS
890,872,2022-05-02,1272.72,PayPal,completed,TXNSR7JZ61E98LF
891,873,2024-04-24,687.35,Amazon Pay,Completed,TXNUH4ZMH43NV5X
892,874,2023-02-02,2403.01,Debit Card,Completed,TXNPQD4D7X5GYQB
893,875,2022-10-19,410.28,PayPal,Completed,TXNHU2H7VSPZ9YK
894,876,2023-07-15,2948.07,Credit Card,Pending,TXNPYA4QTP87OKY
895,877,2021-07-20,3150.63,Amazon Pay,Pending,TXND7NUFIIGWSES
896,878,2021-02-25,2391.73,Credit Card,Failed,TXNJHCDF6MQ886K
897,879,2023-02-04,188.4,PayPal,Failed,TXNMNLCJJMSWX8N
898,880,2024-02-22,2609.27,Credit Card,Refunded,TXN7Q3N0AK74H4M
899,881,2023-03-30,2729.1,Amazon Pay,Refunded,TXNAIFAUXZ8KU3Q
900,882,2024-07-04,847.93,Credit Card,Pending,TXNYHHMBSVODB5Q
901,883,2023-07-04,1104.37,Credit Card,Completed,TXN6P5ZX7MNZUT4
902,884,2021-11-01,1918.7,Credit Card,Pending,TXNWDPCSUFIZMEM
903,885,2023-12-08,785.7,Debit Card,Completed,TXNOPB37JXTGR84
904,886,2023-02-19,2077.86,Amazon Pay,Completed,TXNDP6O7E0C07JN
905,887,2022-12-26,358.03,Credit Card,Completed,TXNY5I4DFA2RN9J
906,888,2022-07-05,2782.65,Credit Card,Completed,TXNAKGUP2QHAG77
907,889,2023-12-20,3088.71,Credit Card,Failed,TXNAUCAO5DRMM6W
908,890,2023-05-11,1210.97,PayPal,Completed,TXNP9C238LM8MQ1
909,891,2022-04-29,,PayPal,Refunded,TXN41HFU9POT7U4
910,892,2023-04-01,2903.84,Amazon Pay,Completed,TXN1B9R1I5ZMZO0
911,893,2022-03-01,2983.73,Credit Card,Refunded,TXNGYRM66LR8CLP
912,894,2024-09-04,1063.72,PayPal,Completed,TXNZHSSUZ1QE7Y6
913,895,2022-08-31,2729.18,Debit Card,Completed,TXNJA2GHFW96UEJ
914,896,2022-04-10,2582.56,Credit Card,Failed,TXNSD2NK6T27QGJ
915,897,2022-10-04,1362.37,Credit Card,Failed,TXNJSLAS5AAR4Z9
916,898,2021-01-07,2393.36,Amazon Pay,Completed,TXNU7H7BUQILUVG
917,899,2022-01-06,406.52,Credit Card,Refunded,TXNYFTM6CMR08L2
918,900,2021-05-12,3278.88,Gift Card,Completed,TXNBO3SKWOF2SGH
919,901,2021-11-18,682.1,Debit Card,Pending,TXNT9AYBNLCTOUY
920,902,2022-11-17,2929.42,Debit Card,Refunded,TXNQ6THYG195XYA
921,903,2024-07-02,480.53,Gift Card,Pending,TXNIWF9THODZZFQ
922,904,2023-11-25,366.0,PayPal,Completed,TXN4V3CK3OCI9UY
923,905,2023-04-13,2903.53,Credit Card,Completed,TXNDT59ODOFPIZF
924,906,2023-05-08,1713.13,Debit Card,Completed,TXNBHXP3H071PGA
925,907,2023-12-23,,PayPal,Completed,TXNTHVYXM2R1MYG
926,908,2021-08-24,688.7,Amazon Pay,Failed,TXNAVJY4KSTK59X
927,909,2022-11-06,2969.12,Credit Card,Pending,TXNYY2VDZIJ7Q7G
928,910,2022-08-29,1767.29,Amazon Pay,Completed,TXNWXM6QKT2SEAO
929,911,2022-03-23,2722.41,Credit Card,Completed,TXNITJ1FMS898CE
930,912,2024-02-17,896.67,PayPal,Refunded,TXNZO5NQR81FYHY
931,913,2023-04-12,824.12,Debit Card,Completed,TXNXXW62AIAN1B9
932,914,2022-10-14,2718.17,Amazon Pay,Refunded,TXNMWOIQ45SOX93
933,915,2021-04-05,1274.65,PayPal,Completed,TXN5E3V8V9WY6I8
934,916,2024-06-05,1618.55,Credit Card,Pending,TXNCIHBEI3ZYQ9O
935,917,2021-05-12,1651.94,Amazon Pay,Completed,TXN7XT2C5X98JDL
936,918,2021-01-23,2265.72,Debit Card,Completed,TXNJ83E7X57SKWE
937,919,2022-05-19,423.61,Credit Card,Refunded,TXN3UPP1JHJT54D
938,920,2024-02-07,117.55,Credit Card,Completed,TXN5S9Y8CFDT7U5
939,921,2023-06-19,421.87,Debit Card,Failed,TXNJC518GBIEOWU
940,922,2024-06-08,1236.92,Debit Card,completed,TXN7Q0VWRGPIU6H
941,923,2022-09-30,2398.48,PayPal,Completed,TXNGZFFAOEJRKTB
942,924,2024-08-09,942.42,PayPal,Completed,TXNSFQPA5GA0QVV
943,925,2023-02-22,3278.53,PayPal,Failed,TXNYUAWG8P5WQFY
944,926,2023-02-25,238.33,Amazon Pay,Completed,TXNUG6KIJCGT1B7
945,927,2021-09-17,79.87,Gift Card,Completed,TXNO788IFJI16GQ
946,928,2022-02-17,2119.73,Amazon Pay,Completed,TXNMIY0JH5IN6P4
947,929,2023-06-13,1526.96,PayPal,Completed,TXNCYH09WWL1J1K
948,930,2023-02-25,82.67,Credit Card,Pending,TXNHXS8X10IWTRN
949,931,2024-06-26,2953.91,PayPal,Completed,TXNZA9GEZ551UUP
950,932,2022-10-23,,Gift Card,Completed,TXN4RZRW19SG6BY
951,933,2024-04-20,1785.22,Credit Card,Completed,TXNUB835E8A4T7R
952,934,2023-06-08,2143.4,Debit Card,Failed,TXNPKBC3O05V76N
953,935,2022-06-19,101.85,Credit Card,Completed,TXNDXF870BTHESQ
954,936,2023-01-05,10.18,Gift Card,Refunded,TXNJVHJFK6OLGJJ
955,937,2023-10-04,,Credit Card,Completed,TXNDK2DBCXV00QB
956,938,2021-02-08,2263.54,Debit Card,Completed,TXNHMS3N4H1RCET
957,939,2021-04-04,3155.33,Amazon Pay,Completed,TXN8YXEDK0I0ULQ
958,940,2022-09-08,3431.38,Credit Card,Completed,TXNZXMRTRTXD1P0
959,941,2022-09-09,2664.46,Debit Card,Refunded,TXNFIKED9YH1LIV
960,942,2021-04-17,23.85,Debit Card,Refunded,TXN2NYDGA45O345
961,943,2023-02-12,2140.26,Gift Card,Completed,TXNU2K5PBRRSVSN
962,944,2022-12-19,3121.45,Credit Card,Completed,TXNHHZXTV8231L2
963,945,2022-06-04,2204.75,Debit Card,Completed,TXNMM05BIELVMH9
964,946,2021-05-28,2381.9,Credit Card,Completed,TXNKSX9CJ18VG7O
965,947,2022-09-10,1620.81,PayPal,Completed,TXNDNGXKLSPO3U7
966,948,2022-10-04,3202.76,Credit Card,Completed,TXNEAEAKMFK47OX
967,949,2022-07-13,2939.19,Credit Card,Failed,TXNBTLD41TA4AYM
968,950,2021-02-26,1955.93,PayPal,Completed,TXNQ9IQHD6VX67Q
969,951,2022-12-28,707.03,Amazon Pay,Refunded,TXN7AHU0WU1VZYP
970,952,2024-06-27,2514.52,Credit Card,Failed,TXN8XZUDG5GYXVD
971,953,2023-11-03,929.24,Credit Card,Refunded,TXNJ11NH94ALMX5
972,954,2022-01-05,1510.13,Credit Card,Completed,TXN5WS8S604CKOY
973,955,2024-03-14,2854.12,Credit Card,Completed,TXNJX7EVC1N5WR9
974,956,2024-05-09,2919.08,Debit Card,Completed,TXNHA16XAWELMLF
975,957,2022-07-21,2558.28,Debit Card,Failed,TXNEMRA9GJKF6OZ
976,958,2022-07-29,2352.54,Gift Card,Refunded,TXNZVQF0B69835A
977,959,2021-09-30,260.18,PayPal,Completed,TXN9UKBA2N2YH00
978,960,2022-01-05,3179.86,Amazon Pay,Failed,TXNXO5Q5IGEGJ8I
979,961,2021-12-24,244.64,PayPal,Completed,TXNR0AC3VM2K519
980,962,2023-07-13,325.11,Credit Card,Completed,TXNF72X8OGIEOTF
981,963,2022-09-12,925.97,PayPal,Pending,TXNOYANV5KSDHJO
982,964,2024-08-14,1885.07,PayPal,completed,TXN7SXGV81XS9QS
983,965,2022-09-12,3216.17,Credit Card,Completed,TXNXF5UD5B3G1KA
984,966,2022-02-05,,Amazon Pay,Refunded,TXN056DFRZHXKA7
985,967,2024-02-02,2825.49,Credit Card,Refunded,TXN23LURZ41EGJY
986,968,2022-11-08,3105.98,Credit Card,Completed,TXNUKQOGUF4ZKRW
987,968,2022-11-08,3105.98,Credit Card,Completed,TXNUKQOGUF4ZKRW
988,969,2021-07-18,3341.53,Credit Card,Refunded,TXN37YVVWMBJI4X
989,970,2023-02-28,3437.28,Debit Card,Completed,TXN724M9RABPKQI
990,971,2021-04-17,230.97,Amazon Pay,Completed,TXN12A4HHDPSIUY
991,972,2021-06-30,1253.69,Debit Card,Completed,TXNIO8ZICTBUSAR
992,973,2021-05-01,1548.92,Credit Card,failed,TXNEXCRH6SBYD1R
993,974,2022-09-13,2597.56,Credit Card,Failed,TXN7OXTKR79U2C3
994,975,2022-01-12,3286.27,Credit Card,Failed,TXNUYQC56IGER0U
995,976,2021-06-18,1473.54,PayPal,Completed,TXN8R3YHSEVSIIN
996,977,2021-02-05,2461.1,Credit Card,Completed,TXNWWB0LAEDZ03Y
997,978,2021-10-17,540.29,Credit Card,Refunded,TXNAO58JFTDS63W
998,979,2024-03-10,1856.48,Debit Card,Failed,TXNYTSJEELDXDTH
999,980,2021-10-12,473.02,Amazon Pay,Completed,TXNCWFO7RDJ9LCO
1000,981,2022-07-02,459.57,Debit Card,Completed,TXN2FYVWUUW4W21
1001,982,2022-08-28,2841.79,Credit Card,Completed,TXNNG692U1ZXQCX
1002,983,2021-02-02,110.09,Credit Card,Failed,TXNU16RIV8MNJRC
1003,984,2022-06-24,3381.48,Credit Card,Refunded,TXNVIPTV7MB4LZI
1004,985,2023-11-01,915.95,Credit Card,Failed,TXN41PH3KKZWDT9
1005,986,2023-11-21,1555.36,Debit Card,Completed,TXN8FBPSCMQCNEQ
1006,987,2024-09-11,2953.28,Debit Card,Completed,TXNANBB9QS66SZS
1007,988,2022-07-27,1570.79,Debit Card,Refunded,TXNT9RYWWC8PH9M
1008,989,2022-03-01,2558.66,Credit Card,Completed,TXNGVVSDZAH2244
1009,990,2022-08-17,2639.66,Credit Card,Failed,TXNCHS31GVVY0BQ
1010,991,2021-09-20,3351.02,Credit Card,Completed,TXNCTWDPYA1U9X9
1011,992,2024-09-08,1952.51,PayPal,Refunded,TXN8DIY9D9MWBY9
1012,993,2024-09-15,2712.3,PayPal,Refunded,TXN4B5QLHW50QCP
1013,994,2023-12-16,155.65,PayPal,Completed,TXNQPOWJW66YNQN
1014,995,2023-04-19,982.11,Credit Card,Refunded,TXNO7COF3AEWNT0
1015,996,2023-08-31,1257.38,Credit Card,Completed,TXN8POB35LH5KP3
1016,996,2023-08-31,1257.38,Credit Card,Completed,TXN8POB35LH5KP3
1017,997,2024-07-11,968.14,Debit Card,Completed,TXN8GCQP44FZCYZ
1018,998,2021-11-17,429.85,Debit Card,Refunded,TXNMDBF4I4CHKEA
1019,999,2022-04-04,2757.08,PayPal,Completed,TXN82LP58GDVTLI
1020,1000,2023-06-22,37.7,Amazon Pay,Completed,TXN6U2XKK5F7A2L
